,DRS,   ,GVE,Município,SE 01,SE 02,SE 03,SE 04,SE 05,SE 06,SE 07,SE 08,SE 09,SE 10,SE 11,SE 12,SE 13,SE 14,SE 15,SE 16,SE 17,Total
9,Marília,XIX,MARÍLIA,350010 Adamantina,0,0,0,0,1,6,3,9,6,6,15,21,16,47,45,59,90,324
15,São José do Rio Preto,XXIX,SÃO JOSÉ DO RIO PRETO,350020 Adolfo,6,10,11,9,11,7,3,3,5,5,1,8,2,4,0,0,0,85
14,São João da Boa Vista,XXVI,SÃO JOÃO DA BOA VISTA,350030 Aguaí,0,0,0,0,1,1,7,16,25,13,15,27,20,33,57,57,28,300
14,São João da Boa Vista,XXVI,SÃO JOÃO DA BOA VISTA,350040 Águas da Prata,0,0,0,0,0,0,1,1,4,5,7,3,1,0,0,0,1,23
7,Campinas,XVII,CAMPINAS,350050 Águas de Lindóia,0,0,0,0,0,0,0,1,0,0,0,0,1,0,3,1,0,6
6,Bauru,XVI,BOTUCATU,350055 Águas de Santa Bárbara,0,0,0,0,0,0,0,0,0,0,0,0,2,0,1,0,0,3
10,Piracicaba,XX,PIRACICABA,350060 Águas de São Pedro,0,0,0,0,0,0,0,0,0,0,0,0,0,0,0,0,0,0
6,Bauru,XV,BAURU,350070 Agudos,24,49,73,108,206,249,170,57,129,45,49,31,37,26,17,24,35,1329
16,Sorocaba,XXXI,SOROCABA,350075 Alambari,0,0,0,0,0,0,0,0,0,0,0,0,0,0,0,0,0,0
11,Presidente Prudente,XXI,PRESIDENTE PRUDENTE,350080 Alfredo Marcondes,0,0,0,0,0,0,0,0,0,0,0,0,0,0,0,0,0,0
5,Barretos,XIV,BARRETOS,350090 Altair,0,0,0,1,0,2,2,0,1,0,1,2,0,1,0,0,0,10
13,Riberão Preto,XXIV,RIBEIRÃO PRETO,350100 Altinópolis,0,0,0,0,0,0,0,0,0,1,0,1,0,0,0,2,3,7
2,Araçatuba,XI,ARAÇATUBA,350110 Alto Alegre,0,0,0,0,0,0,0,0,0,0,0,0,0,0,0,0,0,0
16,Sorocaba,XXXI,SOROCABA,350115 Alumínio,0,0,0,0,0,0,0,0,0,0,0,0,1,0,0,1,0,2
15,São José do Rio Preto,XXIX,SÃO JOSÉ DO RIO PRETO,350120 Álvares Florence,0,0,0,0,2,0,0,1,1,2,0,0,0,1,0,0,0,7
11,Presidente Prudente,XXI,PRESIDENTE PRUDENTE,350130 Álvares Machado,0,0,0,0,0,0,3,6,5,7,11,11,7,12,4,6,6,78
9,Marília,XIX,MARÍLIA,350140 Álvaro de Carvalho,0,0,0,0,0,0,0,0,2,0,0,0,1,0,0,0,0,3
9,Marília,XIX,MARÍLIA,350150 Alvinlândia,0,0,0,0,0,0,0,0,0,0,0,0,0,0,0,0,0,0
7,Campinas,XVII,CAMPINAS,350160 Americana,3,2,0,7,7,13,19,22,37,59,138,164,197,272,277,216,93,1526
3,Araraquara,XII,ARARAQUARA,350170 Américo Brasiliense,4,4,12,21,32,36,6,4,2,23,139,142,191,189,167,168,85,1225
15,São José do Rio Preto,XXIX,SÃO JOSÉ DO RIO PRETO,350180 Américo de Campos,0,1,0,0,0,0,1,2,2,2,0,3,1,0,0,0,0,12
7,Campinas,XVII,CAMPINAS,350190 Amparo,0,0,0,0,0,0,0,0,1,2,3,2,0,0,0,2,0,10
10,Piracicaba,XX,PIRACICABA,350200 Analândia,0,0,0,0,0,0,0,0,0,4,1,1,1,0,0,1,2,10
2,Araçatuba,XI,ARAÇATUBA,350210 Andradina,271,337,290,260,236,175,148,123,116,136,142,141,155,160,220,165,104,3179
16,Sorocaba,XXXI,SOROCABA,350220 Angatuba,0,1,0,1,0,0,0,0,0,0,0,0,1,0,0,0,0,3
6,Bauru,XVI,BOTUCATU,350230 Anhembi,0,0,0,0,0,0,0,0,0,1,0,0,0,0,0,0,0,1
11,Presidente Prudente,XXI,PRESIDENTE PRUDENTE,350240 Anhumas,0,0,0,0,0,0,0,0,0,0,0,0,0,0,0,0,0,0
17,Taubaté,XXXIII,TAUBATÉ,350250 Aparecida,0,0,0,0,0,0,0,0,0,0,0,6,2,0,1,2,2,13
15,São José do Rio Preto,XXX,JALES,350260 Aparecida d'Oeste,0,0,0,0,0,0,0,0,1,5,4,2,1,0,2,1,2,18
16,Sorocaba,XXXII,ITAPEVA,350270 Apiaí,0,0,0,0,0,0,0,0,0,0,0,0,0,0,0,0,0,0
16,Sorocaba,XXXI,SOROCABA,350275 Araçariguama,0,0,0,0,0,0,0,0,0,0,0,1,0,0,0,0,0,1
2,Araçatuba,XI,ARAÇATUBA,350280 Araçatuba,2,6,13,22,44,70,77,114,142,159,235,147,67,46,38,42,133,1357
16,Sorocaba,XXXI,SOROCABA,350290 Araçoiaba da Serra,0,0,0,0,0,0,0,0,0,0,0,0,0,0,0,0,0,0
8,Franca,XVIII,FRANCA,350300 Aramina,19,22,16,18,17,9,8,7,3,1,2,0,0,1,2,0,0,125
6,Bauru,XVI,BOTUCATU,350310 Arandu,0,0,0,0,0,0,0,0,0,0,0,0,0,0,0,0,1,1
17,Taubaté,XXXIII,TAUBATÉ,350315 Arapeí,0,0,0,0,0,0,0,0,0,0,0,0,0,0,0,0,0,0
3,Araraquara,XII,ARARAQUARA,350320 Araraquara,220,279,494,644,1004,1425,1253,1403,854,370,404,612,388,256,205,68,88,9967
10,Piracicaba,XX,PIRACICABA,350330 Araras,0,0,1,3,1,3,1,2,2,8,3,10,28,34,32,26,14,168
9,Marília,XIX,MARÍLIA,350335 Arco-Íris,0,0,0,0,0,0,0,0,0,0,1,0,0,1,1,0,0,3
6,Bauru,XV,BAURU,350340 Arealva,0,0,0,0,0,1,1,0,1,4,5,6,7,0,0,8,11,44
17,Taubaté,XXXIII,TAUBATÉ,350350 Areias,0,0,0,0,0,0,0,0,0,0,0,0,0,0,0,0,0,0
6,Bauru,XVI,BOTUCATU,350360 Areiópolis,0,0,0,0,0,0,0,0,0,0,0,0,0,0,0,0,0,0
15,São José do Rio Preto,XXIX,SÃO JOSÉ DO RIO PRETO,350370 Ariranha,0,0,1,0,1,0,0,0,0,0,0,0,1,0,0,0,0,3
7,Campinas,XVII,CAMPINAS,350380 Artur Nogueira,0,0,0,0,0,1,3,1,1,0,1,5,0,1,0,0,3,16
1,São Paulo,VIII,MOGI DAS CRUZES,350390 Arujá,0,0,0,2,1,2,0,0,0,4,2,3,7,5,3,8,14,51
15,São José do Rio Preto,XXX,JALES,350395 Aspásia,0,0,0,0,0,0,0,1,0,2,2,0,0,0,0,0,0,5
9,Marília,XIII,ASSIS,350400 Assis,1,1,1,5,2,13,11,14,29,22,42,58,48,71,92,76,28,514
7,Campinas,XVII,CAMPINAS,350410 Atibaia,2,1,1,0,2,2,3,6,3,2,8,11,25,12,3,4,3,88
2,Araçatuba,XI,ARAÇATUBA,350420 Auriflama,0,0,0,0,2,1,2,3,8,7,13,26,37,25,21,28,61,234
6,Bauru,XV,BAURU,350430 Avaí,0,0,0,1,1,1,20,13,3,13,20,10,5,2,1,0,0,90
2,Araçatuba,XI,ARAÇATUBA,350440 Avanhandava,0,1,1,2,11,7,16,5,1,2,3,9,22,7,13,3,2,105
6,Bauru,XVI,BOTUCATU,350450 Avaré,0,0,0,0,0,0,0,0,1,0,1,1,2,0,0,0,1,6
15,São José do Rio Preto,XXIX,SÃO JOSÉ DO RIO PRETO,350460 Bady Bassitt,4,11,19,28,28,50,36,31,15,16,5,3,9,5,4,3,1,268
6,Bauru,XV,BAURU,350470 Balbinos,0,0,0,0,0,0,0,0,0,0,0,0,1,1,0,1,0,3
15,São José do Rio Preto,XXIX,SÃO JOSÉ DO RIO PRETO,350480 Bálsamo,5,9,16,8,15,35,23,12,11,9,7,17,19,26,25,21,24,282
17,Taubaté,XXXIII,TAUBATÉ,350490 Bananal,0,0,0,0,0,0,0,0,0,0,0,0,0,0,0,0,0,0
6,Bauru,XVI,BOTUCATU,350500 Barão de Antonina,0,0,0,0,0,0,0,0,0,0,0,0,0,0,0,0,0,0
2,Araçatuba,XI,ARAÇATUBA,350510 Barbosa,0,0,0,0,0,0,0,0,0,3,2,5,11,11,4,0,0,36
6,Bauru,XV,BAURU,350520 Bariri,0,0,0,0,0,0,1,2,1,4,3,11,8,0,0,0,0,30
6,Bauru,XV,BAURU,350530 Barra Bonita,0,0,0,0,0,2,1,6,4,6,2,6,5,2,0,0,0,34
16,Sorocaba,XXXII,ITAPEVA,350535 Barra do Chapéu,0,0,0,0,0,0,0,0,0,0,0,0,0,0,0,0,0,0
12,Registro,XXIII,REGISTRO,350540 Barra do Turvo,0,0,0,0,0,0,0,0,0,0,0,0,0,0,0,0,0,0
5,Barretos,XIV,BARRETOS,350550 Barretos,106,99,183,269,248,307,250,237,261,185,225,223,271,368,381,305,248,4166
13,Riberão Preto,XXIV,RIBEIRÃO PRETO,350560 Barrinha,0,0,1,0,1,1,0,0,3,3,0,5,6,10,2,1,0,33
1,São Paulo,X,OSASCO,350570 Barueri,0,0,0,0,0,1,1,0,0,0,1,1,5,2,3,1,0,15
9,Marília,XIX,MARÍLIA,350580 Bastos,0,1,0,0,0,0,0,1,0,0,4,1,2,1,6,3,10,29
13,Riberão Preto,XXIV,RIBEIRÃO PRETO,350590 Batatais,0,0,1,4,6,8,27,26,16,18,24,24,38,28,50,39,24,333
6,Bauru,XV,BAURU,350600 Bauru,193,427,647,1010,1055,1358,1572,1725,1585,1932,2188,1854,1528,827,53,8,4,17966
5,Barretos,XIV,BARRETOS,350610 Bebedouro,3,4,1,7,8,9,13,17,10,15,18,18,34,39,36,36,4,272
2,Araçatuba,XI,ARAÇATUBA,350620 Bento de Abreu,0,0,0,0,0,0,0,0,0,0,0,0,0,0,0,1,3,4
9,Marília,XIII,ASSIS,350630 Bernardino de Campos,0,0,0,0,2,1,4,12,4,8,15,6,4,2,1,0,1,60
4,Baixada Santista,XXV,SANTOS,350635 Bertioga,1,0,0,1,0,0,0,2,0,0,1,0,0,1,0,1,0,7
2,Araçatuba,XI,ARAÇATUBA,350640 Bilac,12,17,33,57,91,105,83,83,47,28,12,20,22,12,10,10,14,656
2,Araçatuba,XI,ARAÇATUBA,350650 Birigui,6,9,12,42,63,91,105,113,173,219,325,345,530,472,563,268,94,3430
1,São Paulo,VIII,MOGI DAS CRUZES,350660 Biritiba-Mirim,0,0,0,0,0,0,0,0,0,0,0,0,0,3,2,3,8,16
3,Araraquara,XII,ARARAQUARA,350670 Boa Esperança do Sul,0,0,0,0,0,2,4,6,9,11,11,16,16,22,33,43,34,207
6,Bauru,XV,BAURU,350680 Bocaina,0,0,0,0,0,0,0,1,0,1,2,0,1,0,0,0,0,5
6,Bauru,XVI,BOTUCATU,350690 Bofete,0,0,0,0,0,0,0,0,0,0,0,0,0,0,0,0,0,0
16,Sorocaba,XXXI,SOROCABA,350700 Boituva,0,0,0,0,0,0,0,3,1,6,1,19,21,14,17,24,30,136
7,Campinas,XVII,CAMPINAS,350710 Bom Jesus dos Perdões,0,0,0,0,0,0,0,0,0,0,0,0,0,0,0,0,0,0
16,Sorocaba,XXXII,ITAPEVA,350715 Bom Sucesso de Itararé,0,0,0,0,0,0,0,0,0,0,0,0,0,0,0,0,0,0
9,Marília,XIII,ASSIS,350720 Borá,0,0,0,0,0,0,0,0,1,0,0,0,0,0,0,0,0,1
6,Bauru,XV,BAURU,350730 Boracéia,0,0,0,0,0,0,0,0,0,1,0,0,0,0,0,0,0,1
3,Araraquara,XII,ARARAQUARA,350740 Borborema,0,0,0,0,0,0,1,0,2,7,6,14,30,37,51,71,70,289
6,Bauru,XV,BAURU,350745 Borebi,0,0,0,0,0,0,0,0,0,0,0,0,0,0,0,0,0,0
6,Bauru,XVI,BOTUCATU,350750 Botucatu,1,0,0,0,0,0,0,1,0,1,4,9,2,2,0,1,0,21
7,Campinas,XVII,CAMPINAS,350760 Bragança Paulista,0,1,0,0,0,1,0,1,0,0,0,1,0,0,0,0,0,4
2,Araçatuba,XI,ARAÇATUBA,350770 Braúna,0,0,0,0,2,3,0,0,0,1,3,1,1,1,3,1,0,16
2,Araçatuba,XI,ARAÇATUBA,350775 Brejo Alegre,0,0,0,0,0,0,0,0,1,0,2,3,1,1,0,0,0,8
13,Riberão Preto,XXIV,RIBEIRÃO PRETO,350780 Brodósqui,7,20,33,44,36,110,68,87,68,51,35,52,40,55,37,60,39,842
6,Bauru,XV,BAURU,350790 Brotas,0,0,0,1,2,7,4,2,5,11,9,13,12,0,8,13,1,88
16,Sorocaba,XXXII,ITAPEVA,350800 Buri,0,0,0,0,0,1,0,0,1,0,0,1,0,0,1,1,0,5
2,Araçatuba,XI,ARAÇATUBA,350810 Buritama,0,0,0,1,1,6,1,5,4,7,0,10,7,1,0,0,1,44
8,Franca,XVIII,FRANCA,350820 Buritizal,9,6,8,10,24,22,12,14,19,3,5,2,2,3,1,0,1,141
6,Bauru,XV,BAURU,350830 Cabrália Paulista,0,0,0,0,0,1,0,0,0,0,0,1,2,0,0,0,0,4
7,Campinas,XVII,CAMPINAS,350840 Cabreúva,0,1,1,0,0,1,0,0,1,0,2,1,0,1,0,1,0,9
17,Taubaté,XXVII,SÃO JOSÉ DOS CAMPOS,350850 Caçapava,0,0,0,0,1,1,0,2,2,4,10,13,6,9,29,26,23,126
17,Taubaté,XXXIII,TAUBATÉ,350860 Cachoeira Paulista,0,0,0,0,0,1,1,0,0,0,0,0,1,0,3,2,3,11
14,São João da Boa Vista,XXVI,SÃO JOÃO DA BOA VISTA,350870 Caconde,0,0,0,0,0,0,0,0,1,0,0,0,0,0,0,0,0,1
6,Bauru,XV,BAURU,350880 Cafelândia,0,0,0,0,1,1,3,4,0,1,7,5,6,0,0,2,0,30
11,Presidente Prudente,XXI,PRESIDENTE PRUDENTE,350890 Caiabu,0,0,0,0,0,0,0,0,0,0,0,0,0,0,0,0,1,1
1,São Paulo,IX,FRANCO DA ROCHA,350900 Caieiras,0,0,0,0,0,0,0,0,0,1,2,2,4,1,0,1,0,11
11,Presidente Prudente,XXII,PRESIDENTE VENCESLAU,350910 Caiuá,0,0,0,0,0,0,0,0,0,0,0,0,0,0,0,0,0,0
1,São Paulo,IX,FRANCO DA ROCHA,350920 Cajamar,0,0,0,0,0,0,0,0,0,0,0,0,2,1,1,0,0,4
12,Registro,XXIII,REGISTRO,350925 Cajati,0,0,0,0,0,0,0,0,0,0,1,0,0,0,0,0,0,1
5,Barretos,XIV,BARRETOS,350930 Cajobi,0,0,0,0,0,1,1,4,0,1,1,1,7,2,3,0,1,22
13,Riberão Preto,XXIV,RIBEIRÃO PRETO,350940 Cajuru,0,0,0,0,0,0,1,4,0,6,2,0,7,3,0,0,0,23
16,Sorocaba,XXXI,SOROCABA,350945 Campina do Monte Alegre,0,0,0,0,0,0,0,0,0,0,0,0,0,0,0,0,0,0
7,Campinas,XVII,CAMPINAS,350950 Campinas,8,16,7,24,23,62,105,164,210,302,525,969,1329,1541,1999,2002,2026,11312
7,Campinas,XVII,CAMPINAS,350960 Campo Limpo Paulista,0,0,0,0,1,0,1,2,1,2,4,1,3,1,5,1,8,30
17,Taubaté,XXXIII,TAUBATÉ,350970 Campos do Jordão,0,0,0,0,0,0,0,0,0,0,0,0,0,0,0,0,0,0
9,Marília,XIX,MARÍLIA,350980 Campos Novos Paulista,0,0,0,0,0,0,0,0,0,0,0,0,0,0,0,0,0,0
12,Registro,XXIII,REGISTRO,350990 Cananéia,0,0,0,0,0,0,0,0,0,0,0,0,0,0,0,0,0,0
17,Taubaté,XXXIII,TAUBATÉ,350995 Canas,0,0,0,0,0,0,0,0,1,0,0,0,0,0,0,0,0,1
9,Marília,XIII,ASSIS,351000 Cândido Mota,0,0,0,0,0,1,0,0,0,0,0,0,1,3,2,1,6,14
3,Araraquara,XII,ARARAQUARA,351010 Cândido Rodrigues,0,0,0,0,0,0,0,0,0,1,0,0,0,2,1,4,0,8
9,Marília,XIII,ASSIS,351015 Canitar,0,0,0,0,0,0,0,3,1,0,5,9,1,1,0,1,0,21
16,Sorocaba,XXXI,SOROCABA,351020 Capão Bonito,0,0,0,0,0,0,0,0,1,1,0,3,2,0,0,0,0,7
16,Sorocaba,XXXI,SOROCABA,351030 Capela do Alto,0,0,0,0,0,0,0,0,0,0,0,1,0,0,0,0,0,1
10,Piracicaba,XX,PIRACICABA,351040 Capivari,0,0,0,0,1,4,1,4,2,2,2,8,5,14,11,17,13,84
17,Taubaté,XXVIII,CARAGUATATUBA,351050 Caraguatatuba,0,1,0,1,1,4,8,15,13,10,17,36,72,71,244,201,62,756
1,São Paulo,X,OSASCO,351060 Carapicuíba,0,1,1,0,0,3,1,6,12,12,19,24,38,23,16,8,4,168
15,São José do Rio Preto,XXIX,SÃO JOSÉ DO RIO PRETO,351070 Cardoso,3,5,9,11,14,17,28,17,5,10,15,26,13,7,32,57,24,293
14,São João da Boa Vista,XXVI,SÃO JOÃO DA BOA VISTA,351080 Casa Branca,0,0,0,0,1,2,0,4,7,6,5,2,2,2,7,32,40,110
13,Riberão Preto,XXIV,RIBEIRÃO PRETO,351090 Cássia dos Coqueiros,0,0,0,0,0,0,0,0,0,1,1,0,0,0,0,0,0,2
2,Araçatuba,XI,ARAÇATUBA,351100 Castilho,28,24,47,90,71,105,120,60,28,29,33,33,47,47,34,33,36,865
15,São José do Rio Preto,XXIX,SÃO JOSÉ DO RIO PRETO,351110 Catanduva,4,3,5,12,14,27,29,25,23,42,40,60,108,75,88,86,53,694
15,São José do Rio Preto,XXIX,SÃO JOSÉ DO RIO PRETO,351120 Catiguá,0,0,0,1,7,13,10,5,4,16,9,26,31,37,33,20,1,213
15,São José do Rio Preto,XXIX,SÃO JOSÉ DO RIO PRETO,351130 Cedral,2,1,0,3,8,11,28,22,21,7,11,15,9,12,11,3,0,164
6,Bauru,XVI,BOTUCATU,351140 Cerqueira César,0,0,0,0,0,0,0,0,0,0,0,0,0,0,0,0,0,0
16,Sorocaba,XXXI,SOROCABA,351150 Cerquilho,0,0,0,0,0,0,0,0,0,0,0,0,0,1,5,0,2,8
16,Sorocaba,XXXI,SOROCABA,351160 Cesário Lange,0,0,0,0,0,0,0,0,0,0,0,0,0,0,0,0,0,0
10,Piracicaba,XX,PIRACICABA,351170 Charqueada,0,0,0,0,0,0,0,0,1,3,0,0,0,0,0,0,0,4
2,Araçatuba,XI,ARAÇATUBA,351190 Clementina,0,0,0,0,3,0,0,4,0,4,4,0,1,1,1,0,0,18
5,Barretos,XIV,BARRETOS,351200 Colina,0,1,2,0,0,1,1,3,6,3,1,3,3,9,0,0,0,33
5,Barretos,XIV,BARRETOS,351210 Colômbia,1,1,1,10,5,7,9,2,0,2,2,0,0,0,0,0,0,40
10,Piracicaba,XX,PIRACICABA,351220 Conchal,0,0,0,0,1,0,0,0,0,1,0,0,2,3,4,4,4,19
6,Bauru,XVI,BOTUCATU,351230 Conchas,0,2,0,0,0,0,2,1,0,0,0,1,0,1,1,0,0,8
10,Piracicaba,XX,PIRACICABA,351240 Cordeirópolis,0,0,0,0,1,0,0,0,3,2,1,7,8,3,2,5,2,34
2,Araçatuba,XI,ARAÇATUBA,351250 Coroados,1,0,2,1,4,2,8,4,9,8,7,4,7,7,10,10,5,89
6,Bauru,XVI,BOTUCATU,351260 Coronel Macedo,0,0,0,0,0,0,0,0,0,0,0,0,0,0,0,0,0,0
10,Piracicaba,XX,PIRACICABA,351270 Corumbataí,0,0,0,0,0,0,0,0,0,0,1,0,0,0,0,0,0,1
7,Campinas,XVII,CAMPINAS,351280 Cosmópolis,0,0,0,1,0,0,0,0,0,2,0,4,3,3,2,2,0,17
15,São José do Rio Preto,XXIX,SÃO JOSÉ DO RIO PRETO,351290 Cosmorama,0,2,0,2,3,11,18,5,4,2,8,6,11,6,1,0,1,80
1,São Paulo,X,OSASCO,351300 Cotia,0,1,0,0,0,0,0,1,2,0,0,0,1,1,0,3,2,11
13,Riberão Preto,XXIV,RIBEIRÃO PRETO,351310 Cravinhos,0,0,0,2,0,3,5,3,3,2,1,3,4,9,1,4,5,45
8,Franca,XVIII,FRANCA,351320 Cristais Paulista,0,0,0,0,0,0,2,2,2,3,0,3,0,0,0,0,0,12
9,Marília,XIII,ASSIS,351330 Cruzália,0,0,0,0,0,0,0,0,0,0,0,0,0,0,1,3,2,6
17,Taubaté,XXXIII,TAUBATÉ,351340 Cruzeiro,0,0,0,0,0,0,0,0,0,0,0,3,0,1,5,8,12,29
4,Baixada Santista,XXV,SANTOS,351350 Cubatão,0,0,1,0,0,0,0,0,0,0,2,0,0,0,0,0,0,3
17,Taubaté,XXXIII,TAUBATÉ,351360 Cunha,0,0,0,0,0,0,0,0,0,0,0,0,0,0,0,0,0,0
3,Araraquara,XII,ARARAQUARA,351370 Descalvado,0,0,0,0,1,1,0,0,0,0,1,1,4,4,3,5,2,22
1,São Paulo,VII,SANTO ANDRÉ,351380 Diadema,0,1,1,0,1,2,3,4,5,3,3,6,1,6,7,0,1,44
15,São José do Rio Preto,XXX,JALES,351385 Dirce Reis,0,0,0,0,0,0,0,0,0,0,0,3,1,0,1,0,0,5
14,São João da Boa Vista,XXVI,SÃO JOÃO DA BOA VISTA,351390 Divinolândia,0,0,0,0,0,0,0,0,0,0,0,0,0,0,0,0,0,0
3,Araraquara,XII,ARARAQUARA,351400 Dobrada,0,0,0,2,0,2,1,4,2,7,7,26,28,36,39,43,34,231
6,Bauru,XV,BAURU,351410 Dois Córregos,0,0,0,0,0,0,0,0,0,1,0,6,1,0,0,0,0,8
15,São José do Rio Preto,XXX,JALES,351420 Dolcinópolis,0,0,0,0,0,0,0,0,0,0,0,0,0,0,0,0,0,0
3,Araraquara,XII,ARARAQUARA,351430 Dourado,0,0,1,1,0,0,0,1,2,1,3,0,0,0,2,2,0,13
11,Presidente Prudente,XXII,PRESIDENTE VENCESLAU,351440 Dracena,2,3,5,5,8,11,14,15,16,28,27,44,54,46,47,34,10,369
6,Bauru,XV,BAURU,351450 Duartina,0,0,0,0,6,13,21,35,9,16,18,15,12,0,0,3,5,153
13,Riberão Preto,XXIV,RIBEIRÃO PRETO,351460 Dumont,0,0,0,0,0,0,0,0,0,1,0,1,0,0,2,2,1,7
9,Marília,XIX,MARÍLIA,351470 Echaporã,0,0,0,0,0,0,0,0,0,0,0,0,0,0,0,0,0,0
12,Registro,XXIII,REGISTRO,351480 Eldorado,0,0,0,0,0,0,0,0,0,0,0,0,0,0,0,1,0,1
10,Piracicaba,XX,PIRACICABA,351490 Elias Fausto,0,0,0,0,0,0,0,0,0,0,0,0,0,0,0,2,0,2
15,São José do Rio Preto,XXIX,SÃO JOSÉ DO RIO PRETO,351492 Elisiário,0,0,0,0,0,0,0,0,0,1,0,2,2,2,1,0,0,8
15,São José do Rio Preto,XXIX,SÃO JOSÉ DO RIO PRETO,351495 Embaúba,0,0,0,0,0,0,2,5,4,8,7,3,5,10,11,3,1,59
1,São Paulo,X,OSASCO,351500 Embu,0,0,1,0,0,1,0,0,0,0,0,1,1,1,1,3,3,12
1,São Paulo,X,OSASCO,351510 Embu-Guaçu,0,0,0,0,0,0,1,0,0,0,0,1,0,0,0,0,1,3
11,Presidente Prudente,XXI,PRESIDENTE PRUDENTE,351512 Emilianópolis,0,0,0,0,0,0,0,0,0,0,0,0,0,0,0,0,0,0
10,Piracicaba,XX,PIRACICABA,351515 Engenheiro Coelho,0,0,0,0,0,0,2,1,1,6,7,12,17,26,17,21,22,132
14,São João da Boa Vista,XXVI,SÃO JOÃO DA BOA VISTA,351518 Espírito Santo do Pinhal,1,0,1,0,0,2,0,0,0,0,0,1,4,0,2,0,1,12
9,Marília,XIII,ASSIS,351519 Espírito Santo do Turvo,0,0,0,0,0,0,0,0,0,1,0,0,0,0,0,0,0,1
15,São José do Rio Preto,XXX,JALES,351520 Estrela d'Oeste,0,0,0,1,7,2,7,9,6,7,10,6,14,8,5,10,1,93
11,Presidente Prudente,XXI,PRESIDENTE PRUDENTE,351530 Estrela do Norte,0,0,0,0,0,0,0,0,0,0,0,0,0,0,0,0,0,0
11,Presidente Prudente,XXII,PRESIDENTE VENCESLAU,351535 Euclides da Cunha Paulista,0,0,0,0,0,0,0,0,0,0,3,5,8,5,2,2,7,32
6,Bauru,XVI,BOTUCATU,351540 Fartura,0,0,0,0,0,0,0,0,0,0,1,2,0,2,2,10,22,39
15,São José do Rio Preto,XXX,JALES,351550 Fernandópolis,35,47,52,99,149,215,285,291,259,234,287,298,247,196,6,2,1,2703
15,São José do Rio Preto,XXIX,SÃO JOSÉ DO RIO PRETO,351560 Fernando Prestes,0,0,0,0,0,0,0,0,0,0,1,0,0,0,0,0,0,1
9,Marília,XIX,MARÍLIA,351565 Fernão,0,0,0,0,0,0,0,3,0,0,0,0,0,0,0,0,0,3
1,São Paulo,VIII,MOGI DAS CRUZES,351570 Ferraz de Vasconcelos,0,0,0,1,0,0,0,0,0,1,0,1,1,1,4,4,1,14
11,Presidente Prudente,XXII,PRESIDENTE VENCESLAU,351580 Flora Rica,0,0,0,0,0,0,0,0,0,0,0,0,0,0,0,0,0,0
15,São José do Rio Preto,XXIX,SÃO JOSÉ DO RIO PRETO,351590 Floreal,0,0,0,0,0,0,0,1,0,3,3,12,4,1,0,0,0,24
9,Marília,XIX,MARÍLIA,351600 Flórida Paulista,0,1,2,5,4,14,17,5,6,9,13,10,16,3,11,17,28,161
9,Marília,XIII,ASSIS,351610 Florínia,0,0,0,0,0,0,19,27,19,43,21,24,4,5,4,2,4,172
8,Franca,XVIII,FRANCA,351620 Franca,36,47,75,117,4,2,3,1,2,2,0,1,1,1,1,1,0,294
1,São Paulo,IX,FRANCO DA ROCHA,351630 Francisco Morato,0,0,1,0,0,1,1,2,3,1,2,5,8,5,3,1,0,33
1,São Paulo,IX,FRANCO DA ROCHA,351640 Franco da Rocha,0,0,0,0,0,0,0,1,0,0,0,3,2,0,0,0,0,6
2,Araçatuba,XI,ARAÇATUBA,351650 Gabriel Monteiro,0,0,0,0,0,0,0,0,0,1,0,0,0,0,1,0,0,2
9,Marília,XIX,MARÍLIA,351660 Gália,0,0,0,0,0,0,1,5,5,5,10,8,6,8,10,1,0,59
9,Marília,XIX,MARÍLIA,351670 Garça,0,2,0,1,2,4,9,4,2,7,3,5,6,1,8,15,4,73
15,São José do Rio Preto,XXIX,SÃO JOSÉ DO RIO PRETO,351680 Gastão Vidigal,0,1,1,1,2,4,10,9,3,1,6,6,7,4,2,1,4,62
3,Araraquara,XII,ARARAQUARA,351685 Gavião Peixoto,2,1,22,12,21,33,16,32,22,16,6,14,15,3,12,4,8,239
15,São José do Rio Preto,XXIX,SÃO JOSÉ DO RIO PRETO,351690 General Salgado,0,0,2,2,3,4,2,3,6,4,2,4,6,4,4,6,3,55
6,Bauru,XV,BAURU,351700 Getulina,0,0,0,0,1,0,0,2,2,1,7,9,10,14,7,6,3,62
2,Araçatuba,XI,ARAÇATUBA,351710 Glicério,0,0,0,0,0,1,2,3,3,3,4,5,5,6,2,1,1,36
6,Bauru,XV,BAURU,351720 Guaiçara,6,5,10,6,5,9,14,19,7,4,13,16,20,16,36,40,34,260
9,Marília,XIX,MARÍLIA,351730 Guaimbê,0,0,2,0,0,1,1,0,0,0,0,0,0,0,1,1,0,6
5,Barretos,XIV,BARRETOS,351740 Guaíra,6,2,13,20,33,74,75,77,64,84,85,116,122,100,116,75,69,1131
15,São José do Rio Preto,XXIX,SÃO JOSÉ DO RIO PRETO,351750 Guapiaçu,1,0,0,3,4,8,25,32,14,25,16,28,24,17,11,2,0,210
16,Sorocaba,XXXII,ITAPEVA,351760 Guapiara,0,0,0,0,0,0,0,0,0,0,0,0,0,0,0,0,1,1
8,Franca,XVIII,FRANCA,351770 Guará,4,18,20,29,13,12,15,30,49,36,36,26,8,6,8,2,2,314
2,Araçatuba,XI,ARAÇATUBA,351780 Guaraçaí,32,26,21,35,45,41,27,43,15,13,22,7,5,4,5,4,3,348
5,Barretos,XIV,BARRETOS,351790 Guaraci,10,1,6,15,20,25,20,14,7,5,8,0,1,0,2,0,1,135
15,São José do Rio Preto,XXX,JALES,351800 Guarani d'Oeste,0,0,0,0,0,0,0,0,0,0,1,1,1,2,0,0,0,5
9,Marília,XIX,MARÍLIA,351810 Guarantã,0,0,0,0,0,0,0,0,0,0,0,0,0,0,0,0,1,1
2,Araçatuba,XI,ARAÇATUBA,351820 Guararapes,4,11,7,19,20,19,18,16,45,27,47,44,75,94,113,92,81,732
1,São Paulo,VIII,MOGI DAS CRUZES,351830 Guararema,0,0,0,0,0,0,0,0,0,0,0,0,0,0,0,1,0,1
17,Taubaté,XXXIII,TAUBATÉ,351840 Guaratinguetá,0,0,0,0,0,0,0,0,1,0,1,3,0,1,3,5,5,19
16,Sorocaba,XXXI,SOROCABA,351850 Guareí,0,0,0,0,0,0,0,0,0,0,0,0,0,0,0,0,0,0
13,Riberão Preto,XXIV,RIBEIRÃO PRETO,351860 Guariba,0,0,0,0,1,3,3,1,4,2,3,2,2,0,2,1,1,25
4,Baixada Santista,XXV,SANTOS,351870 Guarujá,0,0,0,1,5,2,4,5,7,0,7,7,3,4,1,1,4,51
1,São Paulo,VIII,MOGI DAS CRUZES,351880 Guarulhos,0,1,4,8,9,18,23,26,30,48,85,97,131,179,274,299,245,1477
13,Riberão Preto,XXIV,RIBEIRÃO PRETO,351885 Guatapará,1,0,0,0,4,3,4,2,6,8,3,1,1,1,5,4,3,46
2,Araçatuba,XI,ARAÇATUBA,351890 Guzolândia,0,0,0,0,1,1,5,2,3,3,4,7,10,4,4,4,0,48
9,Marília,XIX,MARÍLIA,351900 Herculândia,0,0,0,1,1,0,3,2,2,12,17,17,11,20,17,13,4,120
7,Campinas,XVII,CAMPINAS,351905 Holambra,0,0,0,0,0,0,0,0,0,0,1,0,0,0,1,1,2,5
7,Campinas,XVII,CAMPINAS,351907 Hortolândia,1,1,2,3,6,7,6,10,5,8,27,34,30,13,7,8,10,178
6,Bauru,XV,BAURU,351910 Iacanga,0,0,0,0,0,7,11,18,11,10,12,5,4,0,2,8,9,97
9,Marília,XIX,MARÍLIA,351920 Iacri,0,0,0,0,0,0,0,0,0,0,0,0,0,0,0,0,0,0
6,Bauru,XVI,BOTUCATU,351925 Iaras,0,0,0,0,0,0,0,0,0,0,0,1,0,0,0,0,0,1
3,Araraquara,XII,ARARAQUARA,351930 Ibaté,0,1,0,1,2,9,6,14,6,7,13,12,17,21,26,34,8,177
15,São José do Rio Preto,XXIX,SÃO JOSÉ DO RIO PRETO,351940 Ibirá,0,4,2,9,17,21,25,11,2,0,1,4,2,1,2,0,0,101
9,Marília,XIII,ASSIS,351950 Ibirarema,0,0,0,0,1,0,4,0,3,6,12,7,5,18,4,10,13,83
3,Araraquara,XII,ARARAQUARA,351960 Ibitinga,0,0,1,1,3,4,0,6,5,2,8,10,6,5,9,5,7,72
16,Sorocaba,XXXI,SOROCABA,351970 Ibiúna,0,0,0,0,0,0,0,0,0,0,0,0,0,0,0,0,0,0
15,São José do Rio Preto,XXIX,SÃO JOSÉ DO RIO PRETO,351980 Icém,2,0,8,8,13,11,6,4,2,1,0,0,3,7,1,2,0,68
11,Presidente Prudente,XXI,PRESIDENTE PRUDENTE,351990 Iepê,0,1,0,0,0,0,0,0,0,0,0,0,0,2,3,2,0,8
6,Bauru,XV,BAURU,352000 Igaraçu do Tietê,0,0,0,0,0,0,0,1,1,1,1,2,2,0,0,0,0,8
8,Franca,XVIII,FRANCA,352010 Igarapava,41,50,46,25,29,22,106,46,4,4,2,0,0,0,0,0,1,376
17,Taubaté,XXVII,SÃO JOSÉ DOS CAMPOS,352020 Igaratá,0,0,0,0,0,0,0,0,0,0,0,0,0,0,0,0,0,0
12,Registro,XXIII,REGISTRO,352030 Iguape,0,0,2,1,1,0,0,0,0,0,0,0,0,0,0,0,0,4
17,Taubaté,XXVIII,CARAGUATATUBA,352040 Ilhabela,1,0,0,1,1,2,3,4,3,3,4,5,0,3,4,7,1,42
12,Registro,XXIII,REGISTRO,352042 Ilha Comprida,0,0,0,0,0,0,0,0,0,0,2,0,0,0,0,0,0,2
2,Araçatuba,XI,ARAÇATUBA,352044 Ilha Solteira,54,75,72,86,58,53,35,6,4,5,5,2,4,0,1,2,2,464
7,Campinas,XVII,CAMPINAS,352050 Indaiatuba,0,0,0,0,1,0,1,0,1,1,5,6,3,11,3,2,0,34
11,Presidente Prudente,XXI,PRESIDENTE PRUDENTE,352060 Indiana,0,0,0,0,0,0,0,0,0,0,0,0,0,0,0,0,0,0
15,São José do Rio Preto,XXX,JALES,352070 Indiaporã,0,0,0,0,0,0,0,1,1,0,0,0,0,1,0,1,0,4
9,Marília,XIX,MARÍLIA,352080 Inúbia Paulista,0,0,0,0,0,0,0,0,0,0,0,1,2,1,0,1,2,7
9,Marília,XIII,ASSIS,352090 Ipauçu,0,0,0,0,0,0,0,0,0,1,1,1,1,0,1,0,0,5
16,Sorocaba,XXXI,SOROCABA,352100 Iperó,0,0,0,0,0,0,0,0,0,0,0,2,0,1,1,1,2,7
10,Piracicaba,XX,PIRACICABA,352110 Ipeúna,0,0,0,0,0,0,0,0,0,0,3,0,0,0,0,0,0,3
15,São José do Rio Preto,XXIX,SÃO JOSÉ DO RIO PRETO,352115 Ipiguá,17,10,15,16,33,22,22,13,8,5,7,8,7,5,1,1,0,190
12,Registro,XXIII,REGISTRO,352120 Iporanga,0,0,0,0,0,0,0,0,0,0,0,0,0,0,0,0,0,0
8,Franca,XVIII,FRANCA,352130 Ipuã,37,33,28,55,115,152,151,37,38,71,41,33,35,17,7,1,1,852
10,Piracicaba,XX,PIRACICABA,352140 Iracemápolis,0,0,0,0,0,1,0,0,1,2,3,7,8,7,15,8,5,57
15,São José do Rio Preto,XXIX,SÃO JOSÉ DO RIO PRETO,352150 Irapuã,0,0,0,0,0,0,0,0,0,0,0,1,2,2,0,0,0,5
11,Presidente Prudente,XXII,PRESIDENTE VENCESLAU,352160 Irapuru,0,0,0,1,0,0,0,0,1,2,8,3,0,0,0,2,0,17
16,Sorocaba,XXXII,ITAPEVA,352170 Itaberá,0,0,0,0,0,0,0,0,0,0,0,0,0,0,0,0,0,0
6,Bauru,XVI,BOTUCATU,352180 Itaí,0,0,0,0,0,0,0,0,0,0,0,0,0,0,0,0,0,0
15,São José do Rio Preto,XXIX,SÃO JOSÉ DO RIO PRETO,352190 Itajobi,0,0,0,0,0,0,0,1,1,0,0,1,1,2,0,1,0,7
6,Bauru,XV,BAURU,352200 Itaju,0,0,0,0,0,0,0,0,0,0,1,1,0,0,0,0,0,2
4,Baixada Santista,XXV,SANTOS,352210 Itanhaém,0,0,0,1,1,0,0,0,2,7,5,11,11,17,15,4,5,79
16,Sorocaba,XXXII,ITAPEVA,352215 Itaóca,0,0,0,0,0,0,0,0,0,0,0,0,0,0,0,0,0,0
1,São Paulo,X,OSASCO,352220 Itapecerica da Serra,0,0,1,1,0,0,0,1,0,0,0,1,2,0,1,1,0,8
16,Sorocaba,XXXI,SOROCABA,352230 Itapetininga,1,0,0,0,0,0,0,0,1,1,0,0,4,1,2,6,7,23
16,Sorocaba,XXXII,ITAPEVA,352240 Itapeva,0,0,0,0,0,0,0,0,0,0,1,0,0,0,0,0,0,1
1,São Paulo,X,OSASCO,352250 Itapevi,0,0,0,0,0,0,0,0,0,5,1,0,1,0,1,0,0,8
14,São João da Boa Vista,XXVI,SÃO JOÃO DA BOA VISTA,352260 Itapira,0,2,0,0,0,0,7,2,2,6,4,1,4,4,1,12,3,48
16,Sorocaba,XXXII,ITAPEVA,352265 Itapirapuã Paulista,0,0,0,0,0,0,0,0,0,0,0,0,0,0,0,0,0,0
3,Araraquara,XII,ARARAQUARA,352270 Itápolis,1,2,0,5,4,1,0,1,3,5,8,11,19,23,31,63,64,241
6,Bauru,XVI,BOTUCATU,352280 Itaporanga,0,0,0,0,0,0,0,0,0,0,0,0,0,0,0,0,0,0
6,Bauru,XV,BAURU,352290 Itapuí,0,0,0,0,0,1,3,8,10,20,12,24,20,0,34,36,2,170
2,Araçatuba,XI,ARAÇATUBA,352300 Itapura,2,2,13,7,21,22,22,16,7,7,14,7,5,0,1,0,0,146
1,São Paulo,VIII,MOGI DAS CRUZES,352310 Itaquaquecetuba,0,0,1,1,1,0,1,0,0,0,2,4,2,3,4,3,7,29
16,Sorocaba,XXXII,ITAPEVA,352320 Itararé,0,0,0,0,0,0,0,0,0,0,0,0,0,0,0,0,0,0
12,Registro,XXIII,REGISTRO,352330 Itariri,0,0,0,0,0,0,0,0,0,0,0,0,0,0,0,0,0,0
7,Campinas,XVII,CAMPINAS,352340 Itatiba,0,1,0,0,0,0,1,2,2,0,4,6,7,3,2,12,3,43
6,Bauru,XVI,BOTUCATU,352350 Itatinga,0,0,0,0,0,0,0,0,5,7,5,10,13,5,1,7,1,54
10,Piracicaba,XX,PIRACICABA,352360 Itirapina,0,0,0,0,0,0,1,0,1,0,3,1,3,4,2,8,5,28
8,Franca,XVIII,FRANCA,352370 Itirapuã,2,8,10,13,6,1,2,0,0,0,0,0,0,0,0,1,1,44
14,São João da Boa Vista,XXVI,SÃO JOÃO DA BOA VISTA,352380 Itobi,0,0,0,0,0,0,0,0,0,0,0,0,0,0,0,0,0,0
16,Sorocaba,XXXI,SOROCABA,352390 Itu,0,0,0,0,1,3,1,1,1,0,2,7,6,5,1,3,3,34
7,Campinas,XVII,CAMPINAS,352400 Itupeva,0,0,0,0,1,3,3,2,1,0,1,7,1,1,0,0,0,20
8,Franca,XVIII,FRANCA,352410 Ituverava,19,40,75,138,177,188,208,143,78,57,62,52,30,11,23,16,13,1330
5,Barretos,XIV,BARRETOS,352420 Jaborandi,0,0,0,0,1,2,1,1,2,4,5,4,12,5,20,19,4,80
13,Riberão Preto,XXIV,RIBEIRÃO PRETO,352430 Jaboticabal,1,1,3,2,3,2,8,7,1,3,7,11,9,14,12,4,4,92
17,Taubaté,XXVII,SÃO JOSÉ DOS CAMPOS,352440 Jacareí,0,0,0,0,0,3,2,6,3,2,4,4,2,1,0,0,0,27
15,São José do Rio Preto,XXIX,SÃO JOSÉ DO RIO PRETO,352450 Jaci,11,12,8,15,22,24,10,5,3,5,2,3,2,1,2,3,1,129
12,Registro,XXIII,REGISTRO,352460 Jacupiranga,0,0,0,0,0,0,0,0,0,0,0,0,0,0,0,0,0,0
7,Campinas,XVII,CAMPINAS,352470 Jaguariúna,0,0,1,0,0,0,2,1,2,4,5,3,0,0,0,0,0,18
15,São José do Rio Preto,XXX,JALES,352480 Jales,2,5,9,4,17,31,25,27,27,43,55,102,128,156,193,125,159,1108
17,Taubaté,XXVII,SÃO JOSÉ DOS CAMPOS,352490 Jambeiro,0,0,0,0,0,0,0,0,0,0,0,0,0,0,0,0,0,0
1,São Paulo,X,OSASCO,352500 Jandira,0,1,0,0,0,1,0,0,0,1,1,2,0,0,0,1,3,10
13,Riberão Preto,XXIV,RIBEIRÃO PRETO,352510 Jardinópolis,0,0,0,1,1,2,7,2,7,4,3,10,3,8,6,4,6,64
7,Campinas,XVII,CAMPINAS,352520 Jarinu,0,0,0,0,0,0,0,0,0,0,0,0,0,2,4,1,1,8
6,Bauru,XV,BAURU,352530 Jaú,0,1,3,3,14,36,64,79,40,65,100,131,122,51,72,43,9,833
8,Franca,XVIII,FRANCA,352540 Jeriquara,0,0,0,0,0,0,0,0,1,0,0,1,0,0,0,0,0,2
7,Campinas,XVII,CAMPINAS,352550 Joanópolis,0,0,0,0,0,0,0,0,0,0,0,0,0,0,0,0,0,0
11,Presidente Prudente,XXI,PRESIDENTE PRUDENTE,352560 João Ramalho,0,0,0,0,0,0,0,0,0,0,0,0,0,0,0,0,0,0
15,São José do Rio Preto,XXIX,SÃO JOSÉ DO RIO PRETO,352570 José Bonifácio,1,5,17,14,41,52,69,66,40,26,29,53,57,40,29,35,43,617
9,Marília,XIX,MARÍLIA,352580 Júlio Mesquita,0,0,0,0,0,0,0,1,0,0,0,3,0,0,0,4,0,8
16,Sorocaba,XXXI,SOROCABA,352585 Jumirim,0,0,0,0,0,0,0,0,0,0,0,0,0,0,0,0,0,0
7,Campinas,XVII,CAMPINAS,352590 Jundiaí,3,5,9,5,5,13,31,51,43,50,68,127,163,170,223,163,95,1224
11,Presidente Prudente,XXII,PRESIDENTE VENCESLAU,352600 Junqueirópolis,0,0,0,0,1,2,0,2,3,1,2,0,2,3,1,1,1,19
12,Registro,XXIII,REGISTRO,352610 Juquiá,0,0,0,0,0,0,0,0,0,0,0,0,0,0,0,0,0,0
1,São Paulo,X,OSASCO,352620 Juquitiba,0,0,0,0,0,0,0,0,0,0,0,0,0,0,0,0,0,0
17,Taubaté,XXXIII,TAUBATÉ,352630 Lagoinha,0,0,0,0,0,0,0,0,0,0,0,0,0,0,0,0,0,0
6,Bauru,XVI,BOTUCATU,352640 Laranjal Paulista,0,0,0,0,0,0,0,0,0,0,0,0,0,0,0,0,0,0
2,Araçatuba,XI,ARAÇATUBA,352650 Lavínia,1,3,1,6,2,5,8,4,1,5,10,5,9,6,1,0,0,67
17,Taubaté,XXXIII,TAUBATÉ,352660 Lavrinhas,0,0,0,0,2,0,1,1,1,5,8,0,0,0,0,0,0,18
10,Piracicaba,XX,PIRACICABA,352670 Leme,0,0,3,2,10,18,39,49,36,38,34,50,28,71,13,0,1,392
6,Bauru,XV,BAURU,352680 Lençóis Paulista,0,0,0,0,0,2,2,5,11,23,17,28,16,18,18,11,11,162
10,Piracicaba,XX,PIRACICABA,352690 Limeira,1,0,4,1,3,15,10,18,13,15,25,32,29,60,45,42,21,334
7,Campinas,XVII,CAMPINAS,352700 Lindóia,0,0,0,0,0,0,0,0,0,0,0,0,0,0,0,0,0,0
6,Bauru,XV,BAURU,352710 Lins,3,2,2,0,11,12,16,27,15,26,33,30,63,24,4,11,2,281
17,Taubaté,XXXIII,TAUBATÉ,352720 Lorena,0,0,0,0,0,0,0,2,4,7,10,5,14,9,10,11,12,84
2,Araçatuba,XI,ARAÇATUBA,352725 Lourdes,0,0,0,0,0,0,0,0,0,2,3,5,3,2,2,2,1,20
7,Campinas,XVII,CAMPINAS,352730 Louveira,0,1,0,2,0,2,2,0,0,2,1,4,2,4,5,4,4,33
9,Marília,XIX,MARÍLIA,352740 Lucélia,0,0,0,0,1,1,0,1,1,3,1,2,1,5,3,9,28,56
6,Bauru,XV,BAURU,352750 Lucianópolis,0,0,0,0,0,1,0,0,0,0,0,0,0,0,0,0,0,1
13,Riberão Preto,XXIV,RIBEIRÃO PRETO,352760 Luís Antônio,0,0,2,0,1,0,0,1,2,0,0,0,3,0,1,0,1,11
2,Araçatuba,XI,ARAÇATUBA,352770 Luiziânia,0,0,0,0,0,0,0,0,0,0,0,2,1,0,8,2,2,15
9,Marília,XIX,MARÍLIA,352780 Lupércio,0,0,0,0,0,0,0,0,0,0,0,0,0,0,0,0,0,0
9,Marília,XIII,ASSIS,352790 Lutécia,0,0,0,0,0,0,1,0,0,0,1,0,1,0,0,0,0,3
6,Bauru,XV,BAURU,352800 Macatuba,0,0,0,0,0,2,1,1,0,0,0,0,1,0,1,0,4,10
15,São José do Rio Preto,XXIX,SÃO JOSÉ DO RIO PRETO,352810 Macaubal,21,12,34,57,51,12,35,27,25,9,8,4,4,6,8,8,1,322
15,São José do Rio Preto,XXX,JALES,352820 Macedônia,0,0,0,0,0,0,1,0,2,1,6,3,1,0,0,0,0,14
15,São José do Rio Preto,XXIX,SÃO JOSÉ DO RIO PRETO,352830 Magda,0,0,0,0,0,0,0,1,1,2,1,0,2,3,2,1,9,22
16,Sorocaba,XXXI,SOROCABA,352840 Mairinque,0,0,0,1,0,0,0,0,1,2,0,0,0,0,0,0,0,4
1,São Paulo,IX,FRANCO DA ROCHA,352850 Mairiporã,0,0,0,0,0,0,0,0,0,0,0,0,0,0,0,0,0,0
6,Bauru,XVI,BOTUCATU,352860 Manduri,0,0,0,0,0,0,0,0,0,0,0,0,0,0,0,0,0,0
11,Presidente Prudente,XXII,PRESIDENTE VENCESLAU,352870 Marabá Paulista,0,0,0,0,0,0,1,2,2,0,2,7,1,0,0,0,1,16
9,Marília,XIII,ASSIS,352880 Maracaí,0,0,0,0,0,0,0,0,0,0,0,0,0,0,0,1,0,1
15,São José do Rio Preto,XXIX,SÃO JOSÉ DO RIO PRETO,352885 Marapoama,0,0,0,0,0,1,3,2,1,0,3,0,0,2,3,2,5,22
9,Marília,XIX,MARÍLIA,352890 Mariápolis,0,0,0,0,0,2,0,1,0,0,0,0,0,0,0,1,1,5
9,Marília,XIX,MARÍLIA,352900 Marília,0,0,4,10,6,19,23,20,24,22,46,73,74,38,26,24,21,430
15,São José do Rio Preto,XXX,JALES,352910 Marinópolis,0,0,0,0,0,0,0,0,0,2,5,6,2,0,2,2,3,22
11,Presidente Prudente,XXI,PRESIDENTE PRUDENTE,352920 Martinópolis,0,0,0,0,0,0,0,0,0,0,0,2,0,0,0,1,0,3
3,Araraquara,XII,ARARAQUARA,352930 Matão,5,1,11,8,17,27,57,55,45,69,42,43,95,93,52,22,15,657
1,São Paulo,VII,SANTO ANDRÉ,352940 Mauá,0,0,0,0,0,0,2,4,4,1,4,13,11,29,26,19,8,121
15,São José do Rio Preto,XXIX,SÃO JOSÉ DO RIO PRETO,352950 Mendonça,1,2,2,0,4,5,11,13,22,22,15,19,21,22,19,2,0,180
15,São José do Rio Preto,XXX,JALES,352960 Meridiano,0,3,0,1,0,2,0,0,5,3,2,0,1,3,1,5,5,31
15,São José do Rio Preto,XXX,JALES,352965 Mesópolis,0,0,0,0,0,0,0,0,0,0,1,0,0,0,0,0,0,1
8,Franca,XVIII,FRANCA,352970 Miguelópolis,0,0,0,3,2,2,2,0,0,1,2,0,0,0,0,0,1,13
6,Bauru,XV,BAURU,352980 Mineiros do Tietê,0,0,0,0,0,0,0,4,1,6,2,11,5,0,1,4,2,36
12,Registro,XXIII,REGISTRO,352990 Miracatu,0,0,0,0,0,0,0,0,0,0,0,0,2,0,1,0,0,3
15,São José do Rio Preto,XXX,JALES,353000 Mira Estrela,0,0,0,0,0,0,0,0,0,1,0,0,1,0,0,0,0,2
2,Araçatuba,XI,ARAÇATUBA,353010 Mirandópolis,6,8,16,28,23,39,46,81,80,98,158,148,202,178,121,83,49,1364
11,Presidente Prudente,XXII,PRESIDENTE VENCESLAU,353020 Mirante do Paranapanema,0,0,0,0,6,3,5,12,4,8,8,2,0,3,5,3,0,59
15,São José do Rio Preto,XXIX,SÃO JOSÉ DO RIO PRETO,353030 Mirassol,10,7,15,39,31,37,34,38,39,42,28,15,11,16,9,6,2,379
15,São José do Rio Preto,XXIX,SÃO JOSÉ DO RIO PRETO,353040 Mirassolândia,1,3,1,12,18,9,5,31,31,21,16,8,6,3,2,1,0,168
14,São João da Boa Vista,XXVI,SÃO JOÃO DA BOA VISTA,353050 Mococa,0,1,1,0,0,0,0,3,6,1,3,3,5,6,3,12,4,48
1,São Paulo,VIII,MOGI DAS CRUZES,353060 Moji das Cruzes,0,0,0,0,1,0,1,0,1,1,1,0,4,1,4,2,4,20
14,São João da Boa Vista,XXVI,SÃO JOÃO DA BOA VISTA,353070 Moji-Guaçu,3,3,8,13,17,47,45,55,65,73,97,99,89,49,40,2,5,710
14,São João da Boa Vista,XXVI,SÃO JOÃO DA BOA VISTA,353080 Moji-Mirim,0,1,0,2,2,5,1,11,31,18,40,53,48,89,76,73,63,513
10,Piracicaba,XX,PIRACICABA,353090 Mombuca,0,0,0,0,0,0,0,0,0,0,0,0,0,0,0,0,0,0
15,São José do Rio Preto,XXIX,SÃO JOSÉ DO RIO PRETO,353100 Monções,4,2,4,6,0,4,3,3,0,0,3,6,2,2,7,7,8,61
4,Baixada Santista,XXV,SANTOS,353110 Mongaguá,0,0,0,1,0,0,0,1,0,0,0,0,0,1,0,0,2,5
7,Campinas,XVII,CAMPINAS,353120 Monte Alegre do Sul,0,0,0,0,0,0,0,0,0,1,0,0,0,0,0,0,0,1
13,Riberão Preto,XXIV,RIBEIRÃO PRETO,353130 Monte Alto,2,0,3,6,5,5,7,18,11,10,8,9,1,14,1,1,1,102
15,São José do Rio Preto,XXIX,SÃO JOSÉ DO RIO PRETO,353140 Monte Aprazível,1,2,3,12,17,15,33,41,17,31,35,50,58,54,62,81,61,573
5,Barretos,XIV,BARRETOS,353150 Monte Azul Paulista,0,1,2,0,0,2,10,7,6,16,15,21,27,18,38,34,24,221
11,Presidente Prudente,XXII,PRESIDENTE VENCESLAU,353160 Monte Castelo,0,0,1,1,1,1,1,0,0,0,1,0,0,0,2,1,0,9
17,Taubaté,XXVII,SÃO JOSÉ DOS CAMPOS,353170 Monteiro Lobato,0,0,0,0,0,0,0,0,0,0,0,0,0,0,0,0,0,0
7,Campinas,XVII,CAMPINAS,353180 Monte Mor,0,0,0,0,1,2,0,3,6,1,6,7,14,23,14,15,11,103
8,Franca,XVIII,FRANCA,353190 Morro Agudo,2,0,2,1,3,2,2,29,57,37,92,143,72,2,2,1,0,447
7,Campinas,XVII,CAMPINAS,353200 Morungaba,0,0,0,0,0,0,0,0,0,0,0,0,0,0,0,0,0,0
3,Araraquara,XII,ARARAQUARA,353205 Motuca,0,0,0,0,1,2,0,2,1,4,0,1,2,3,2,4,4,26
2,Araçatuba,XI,ARAÇATUBA,353210 Murutinga do Sul,2,3,4,4,5,5,6,7,6,10,8,4,3,5,9,4,1,86
11,Presidente Prudente,XXI,PRESIDENTE PRUDENTE,353215 Nantes,0,0,0,0,0,0,0,0,0,0,0,0,0,0,0,0,0,0
11,Presidente Prudente,XXI,PRESIDENTE PRUDENTE,353220 Narandiba,0,0,0,0,0,1,0,0,0,0,0,0,1,0,2,1,2,7
17,Taubaté,XXXIII,TAUBATÉ,353230 Natividade da Serra,0,0,0,0,0,0,0,0,0,0,0,0,0,0,0,0,0,0
7,Campinas,XVII,CAMPINAS,353240 Nazaré Paulista,0,0,0,0,0,0,0,0,0,0,0,0,0,0,0,0,0,0
15,São José do Rio Preto,XXIX,SÃO JOSÉ DO RIO PRETO,353250 Neves Paulista,3,2,9,9,20,25,35,19,20,41,42,62,39,41,34,37,19,457
15,São José do Rio Preto,XXIX,SÃO JOSÉ DO RIO PRETO,353260 Nhandeara,1,1,1,2,4,0,3,4,1,7,6,16,8,5,1,2,0,62
15,São José do Rio Preto,XXIX,SÃO JOSÉ DO RIO PRETO,353270 Nipoã,0,0,0,0,1,1,5,4,0,1,1,3,1,1,0,1,2,21
15,São José do Rio Preto,XXIX,SÃO JOSÉ DO RIO PRETO,353280 Nova Aliança,0,6,21,29,27,29,32,31,28,19,28,38,41,25,18,17,10,399
16,Sorocaba,XXXII,ITAPEVA,353282 Nova Campina,0,0,0,0,0,0,0,0,0,0,0,0,0,0,0,0,0,0
15,São José do Rio Preto,XXX,JALES,353284 Nova Canaã Paulista,0,0,0,0,0,0,0,0,0,0,0,0,0,0,0,0,0,0
2,Araçatuba,XI,ARAÇATUBA,353286 Nova Castilho,0,0,0,0,0,0,0,0,0,0,0,0,0,0,0,0,0,0
3,Araraquara,XII,ARARAQUARA,353290 Nova Europa,1,0,0,1,0,2,6,14,5,17,21,11,4,5,1,3,2,93
15,São José do Rio Preto,XXIX,SÃO JOSÉ DO RIO PRETO,353300 Nova Granada,0,0,0,1,0,0,3,9,2,4,11,17,21,20,19,24,10,141
11,Presidente Prudente,XXII,PRESIDENTE VENCESLAU,353310 Nova Guataporanga,0,0,0,0,0,0,0,1,0,2,2,0,0,1,1,0,0,7
2,Araçatuba,XI,ARAÇATUBA,353320 Nova Independência,7,7,5,23,8,6,3,3,3,2,3,1,4,1,12,5,7,100
15,São José do Rio Preto,XXIX,SÃO JOSÉ DO RIO PRETO,353325 Novais,0,0,2,0,0,0,0,0,1,0,0,0,3,1,1,1,0,9
2,Araçatuba,XI,ARAÇATUBA,353330 Nova Luzitânia,0,0,0,0,0,0,0,1,0,1,0,0,0,0,0,0,0,2
7,Campinas,XVII,CAMPINAS,353340 Nova Odessa,0,0,0,0,3,1,2,7,4,6,10,17,36,18,15,0,4,123
15,São José do Rio Preto,XXIX,SÃO JOSÉ DO RIO PRETO,353350 Novo Horizonte,1,6,6,1,11,4,13,13,7,8,14,20,39,49,69,75,59,395
8,Franca,XVIII,FRANCA,353360 Nuporanga,1,3,1,6,12,20,37,24,12,12,12,10,6,1,2,3,0,162
9,Marília,XIX,MARÍLIA,353370 Ocauçu,0,0,0,0,0,0,0,0,0,0,0,0,0,0,0,0,0,0
9,Marília,XIII,ASSIS,353380 Óleo,0,0,0,0,0,0,0,0,0,0,0,0,0,0,0,0,0,0
5,Barretos,XIV,BARRETOS,353390 Olímpia,1,2,6,6,9,29,39,41,34,62,93,143,150,80,260,343,289,1587
15,São José do Rio Preto,XXIX,SÃO JOSÉ DO RIO PRETO,353400 Onda Verde,0,0,0,2,0,0,3,3,3,4,15,4,12,9,25,9,6,95
9,Marília,XIX,MARÍLIA,353410 Oriente,0,0,0,0,0,0,0,0,0,0,0,0,0,1,0,0,0,1
15,São José do Rio Preto,XXIX,SÃO JOSÉ DO RIO PRETO,353420 Orindiúva,0,0,1,2,2,9,11,18,27,27,21,18,35,42,39,49,33,334
8,Franca,XVIII,FRANCA,353430 Orlândia,0,2,29,49,72,70,44,24,15,10,5,19,36,79,64,48,38,604
1,São Paulo,X,OSASCO,353440 Osasco,0,0,1,3,4,2,5,4,4,7,5,6,9,12,11,4,8,85
9,Marília,XIX,MARÍLIA,353450 Oscar Bressane,0,0,0,0,0,0,0,0,0,0,0,0,0,0,0,0,0,0
9,Marília,XIX,MARÍLIA,353460 Osvaldo Cruz,0,0,2,0,0,0,1,3,2,2,8,13,15,5,24,32,18,125
9,Marília,XIII,ASSIS,353470 Ourinhos,0,0,0,1,1,2,3,6,3,0,1,8,7,6,4,7,14,63
15,São José do Rio Preto,XXX,JALES,353475 Ouroeste,0,0,0,0,1,0,0,0,3,4,5,7,5,4,3,2,3,37
11,Presidente Prudente,XXII,PRESIDENTE VENCESLAU,353480 Ouro Verde,0,0,0,0,0,0,0,2,0,0,1,1,0,0,2,2,3,11
9,Marília,XIX,MARÍLIA,353490 Pacaembu,0,0,0,1,3,3,9,7,17,11,6,14,16,16,12,13,3,131
15,São José do Rio Preto,XXIX,SÃO JOSÉ DO RIO PRETO,353500 Palestina,56,52,132,141,137,63,42,34,21,12,16,7,15,15,19,5,21,788
15,São José do Rio Preto,XXIX,SÃO JOSÉ DO RIO PRETO,353510 Palmares Paulista,0,0,0,1,1,0,0,4,3,1,0,1,5,1,1,0,1,19
15,São José do Rio Preto,XXX,JALES,353520 Palmeira d'Oeste,2,2,1,2,0,5,3,0,6,1,1,8,4,1,7,8,3,54
9,Marília,XIII,ASSIS,353530 Palmital,0,2,0,0,0,0,0,0,0,0,0,4,0,0,1,4,1,12
11,Presidente Prudente,XXII,PRESIDENTE VENCESLAU,353540 Panorama,4,9,12,10,22,31,35,20,6,10,10,14,20,21,21,26,17,288
9,Marília,XIII,ASSIS,353550 Paraguaçu Paulista,0,0,6,25,32,120,92,104,120,111,122,128,133,183,96,52,35,1359
17,Taubaté,XXVII,SÃO JOSÉ DOS CAMPOS,353560 Paraibuna,0,0,0,0,0,0,1,0,0,0,0,0,0,0,0,0,1,2
15,São José do Rio Preto,XXIX,SÃO JOSÉ DO RIO PRETO,353570 Paraíso,0,0,0,0,0,0,0,0,0,0,0,0,0,1,0,0,0,1
6,Bauru,XVI,BOTUCATU,353580 Paranapanema,0,0,0,0,0,0,0,0,0,0,0,0,0,0,0,0,0,0
15,São José do Rio Preto,XXX,JALES,353590 Paranapuã,0,0,0,0,0,0,0,0,1,0,0,1,1,3,2,0,1,9
9,Marília,XIX,MARÍLIA,353600 Parapuã,0,0,0,0,0,0,0,0,0,0,2,1,3,0,0,0,0,6
6,Bauru,XVI,BOTUCATU,353610 Pardinho,0,0,0,0,0,0,0,0,1,0,0,0,0,0,0,1,0,2
12,Registro,XXIII,REGISTRO,353620 Pariquera-Açu,0,0,0,0,0,0,0,0,0,0,0,0,0,0,1,0,0,1
15,São José do Rio Preto,XXIX,SÃO JOSÉ DO RIO PRETO,353625 Parisi,0,0,0,0,0,0,2,0,1,1,1,1,3,1,0,1,1,12
8,Franca,XVIII,FRANCA,353630 Patrocínio Paulista,0,0,0,0,1,1,0,0,0,0,0,1,0,0,0,0,0,3
11,Presidente Prudente,XXII,PRESIDENTE VENCESLAU,353640 Paulicéia,0,0,0,5,2,1,4,3,1,5,11,8,0,0,1,0,0,41
7,Campinas,XVII,CAMPINAS,353650 Paulínia,0,0,0,0,2,1,0,1,2,5,17,16,34,70,84,68,57,357
6,Bauru,XV,BAURU,353657 Paulistânia,0,0,0,0,0,0,0,0,0,0,1,0,0,0,0,0,0,1
15,São José do Rio Preto,XXIX,SÃO JOSÉ DO RIO PRETO,353660 Paulo de Faria,0,0,0,2,6,12,22,36,27,26,41,45,60,64,59,36,21,457
6,Bauru,XV,BAURU,353670 Pederneiras,1,0,1,6,14,10,13,11,11,14,25,40,41,11,39,87,82,406
7,Campinas,XVII,CAMPINAS,353680 Pedra Bela,0,0,0,0,0,0,0,0,0,0,0,0,0,0,0,0,0,0
15,São José do Rio Preto,XXX,JALES,353690 Pedranópolis,0,0,0,0,0,1,0,1,0,2,1,1,4,1,0,3,1,15
8,Franca,XVIII,FRANCA,353700 Pedregulho,0,4,4,0,4,3,7,1,0,1,1,1,0,0,0,0,0,26
7,Campinas,XVII,CAMPINAS,353710 Pedreira,1,0,1,8,13,27,39,36,38,42,111,121,88,92,35,11,1,664
9,Marília,XIII,ASSIS,353715 Pedrinhas Paulista,0,0,0,0,0,0,0,0,0,0,0,0,1,1,0,1,1,4
12,Registro,XXIII,REGISTRO,353720 Pedro de Toledo,0,0,0,0,0,0,0,0,0,0,0,0,0,0,0,1,0,1
2,Araçatuba,XI,ARAÇATUBA,353730 Penápolis,1,1,1,2,0,5,7,5,10,18,27,46,42,47,36,12,2,262
2,Araçatuba,XI,ARAÇATUBA,353740 Pereira Barreto,31,38,44,78,110,71,65,73,18,13,10,13,12,13,7,8,7,611
6,Bauru,XVI,BOTUCATU,353750 Pereiras,0,0,0,0,0,0,0,0,0,0,0,0,0,0,0,0,0,0
4,Baixada Santista,XXV,SANTOS,353760 Peruíbe,0,0,0,0,0,0,1,0,2,0,0,0,0,0,1,1,0,5
2,Araçatuba,XI,ARAÇATUBA,353770 Piacatu,0,0,0,0,0,1,0,0,1,0,0,3,4,4,0,0,0,13
16,Sorocaba,XXXI,SOROCABA,353780 Piedade,0,0,0,0,0,0,0,0,0,0,0,0,0,0,0,0,0,0
16,Sorocaba,XXXI,SOROCABA,353790 Pilar do Sul,0,0,0,0,0,0,0,1,0,0,0,0,0,1,1,0,0,3
17,Taubaté,XXXIII,TAUBATÉ,353800 Pindamonhangaba,0,0,0,1,2,1,2,2,2,8,4,6,5,4,5,6,7,55
15,São José do Rio Preto,XXIX,SÃO JOSÉ DO RIO PRETO,353810 Pindorama,0,0,0,0,0,1,1,3,2,2,0,5,8,7,6,0,0,35
7,Campinas,XVII,CAMPINAS,353820 Pinhalzinho,0,0,0,0,0,0,0,0,0,0,0,0,0,0,0,0,0,0
11,Presidente Prudente,XXII,PRESIDENTE VENCESLAU,353830 Piquerobi,0,0,0,0,1,0,0,0,0,0,0,0,0,0,0,0,0,1
17,Taubaté,XXXIII,TAUBATÉ,353850 Piquete,0,0,0,0,0,0,0,0,0,2,3,0,1,1,1,1,1,10
7,Campinas,XVII,CAMPINAS,353860 Piracaia,0,0,0,0,0,0,0,0,0,0,0,0,2,0,0,0,0,2
10,Piracicaba,XX,PIRACICABA,353870 Piracicaba,1,1,0,6,5,8,16,14,31,32,37,48,80,84,130,152,110,755
6,Bauru,XVI,BOTUCATU,353880 Piraju,0,0,0,0,0,0,0,0,0,1,0,1,0,3,1,1,2,9
6,Bauru,XV,BAURU,353890 Pirajuí,0,1,1,0,0,0,11,13,7,6,24,17,12,5,4,6,10,117
15,São José do Rio Preto,XXIX,SÃO JOSÉ DO RIO PRETO,353900 Pirangi,0,2,0,3,2,1,0,0,1,0,2,1,3,2,3,1,0,21
1,São Paulo,X,OSASCO,353910 Pirapora do Bom Jesus,0,0,0,0,0,0,0,0,0,0,0,0,0,0,0,0,0,0
11,Presidente Prudente,XXI,PRESIDENTE PRUDENTE,353920 Pirapozinho,1,0,1,7,12,6,8,10,4,15,16,17,14,14,20,11,9,165
10,Piracicaba,XX,PIRACICABA,353930 Pirassununga,0,0,0,2,3,6,9,8,6,2,6,13,8,10,17,4,6,100
6,Bauru,XV,BAURU,353940 Piratininga,0,1,4,9,14,32,43,54,25,34,40,34,57,50,37,15,0,449
13,Riberão Preto,XXIV,RIBEIRÃO PRETO,353950 Pitangueiras,0,0,0,1,1,1,1,1,0,0,1,2,1,2,2,0,0,13
15,São José do Rio Preto,XXIX,SÃO JOSÉ DO RIO PRETO,353960 Planalto,0,0,0,0,1,0,0,1,2,1,1,7,12,15,3,0,0,43
9,Marília,XIII,ASSIS,353970 Platina,0,0,0,0,0,0,0,0,0,0,0,0,0,0,0,0,0,0
1,São Paulo,VIII,MOGI DAS CRUZES,353980 Poá,0,0,0,0,0,0,0,0,2,0,0,1,4,3,0,2,3,15
15,São José do Rio Preto,XXIX,SÃO JOSÉ DO RIO PRETO,353990 Poloni,0,0,0,1,2,9,20,6,5,6,11,14,14,10,2,1,0,101
9,Marília,XIX,MARÍLIA,354000 Pompéia,0,0,1,2,4,4,7,12,19,13,27,29,23,19,16,21,10,207
6,Bauru,XV,BAURU,354010 Pongaí,0,0,0,0,0,0,0,0,0,0,0,0,0,0,0,0,0,0
13,Riberão Preto,XXIV,RIBEIRÃO PRETO,354020 Pontal,0,0,0,0,1,0,4,2,2,1,2,2,0,2,2,1,0,19
15,São José do Rio Preto,XXX,JALES,354025 Pontalinda,0,0,0,0,0,0,0,0,0,0,0,3,2,0,9,10,9,33
15,São José do Rio Preto,XXIX,SÃO JOSÉ DO RIO PRETO,354030 Pontes Gestal,0,0,0,0,0,1,4,6,6,3,8,13,6,10,7,6,6,76
15,São José do Rio Preto,XXX,JALES,354040 Populina,0,0,0,0,0,0,0,0,0,0,0,0,0,0,0,0,0,0
6,Bauru,XVI,BOTUCATU,354050 Porangaba,0,0,0,0,0,0,0,0,0,0,0,0,0,0,0,0,0,0
16,Sorocaba,XXXI,SOROCABA,354060 Porto Feliz,0,0,0,0,2,0,0,1,0,0,2,1,0,0,0,0,2,8
3,Araraquara,XII,ARARAQUARA,354070 Porto Ferreira,0,1,1,2,5,2,6,3,7,12,10,5,6,12,6,6,2,86
17,Taubaté,XXXIII,TAUBATÉ,354075 Potim,0,0,0,0,0,0,0,1,0,0,0,0,0,0,0,0,0,1
15,São José do Rio Preto,XXIX,SÃO JOSÉ DO RIO PRETO,354080 Potirendaba,0,1,0,1,1,2,3,3,3,5,0,11,5,1,1,0,0,37
9,Marília,XIX,MARÍLIA,354085 Pracinha,0,0,0,0,0,0,0,0,0,0,0,0,1,0,0,4,11,16
13,Riberão Preto,XXIV,RIBEIRÃO PRETO,354090 Pradópolis,0,0,0,0,1,0,1,6,1,5,6,10,18,18,34,10,4,114
4,Baixada Santista,XXV,SANTOS,354100 Praia Grande,0,1,0,0,0,1,0,2,1,2,3,6,10,5,1,5,4,41
6,Bauru,XVI,BOTUCATU,354105 Pratânia,0,0,0,0,0,0,0,0,0,0,0,0,0,0,0,0,0,0
6,Bauru,XV,BAURU,354110 Presidente Alves,0,0,0,0,0,0,0,2,1,0,1,1,0,0,0,0,0,5
11,Presidente Prudente,XXI,PRESIDENTE PRUDENTE,354120 Presidente Bernardes,0,0,0,1,1,3,8,0,1,4,1,0,0,0,0,0,0,19
11,Presidente Prudente,XXII,PRESIDENTE VENCESLAU,354130 Presidente Epitácio,9,15,14,20,22,21,9,16,12,5,14,9,4,16,20,8,4,218
11,Presidente Prudente,XXI,PRESIDENTE PRUDENTE,354140 Presidente Prudente,1,0,3,9,7,13,19,15,14,24,21,47,54,72,122,158,140,719
11,Presidente Prudente,XXII,PRESIDENTE VENCESLAU,354150 Presidente Venceslau,0,2,2,12,12,25,19,18,26,23,59,63,82,76,49,33,12,513
6,Bauru,XV,BAURU,354160 Promissão,0,0,0,2,2,4,11,5,3,10,25,15,17,1,2,4,4,105
16,Sorocaba,XXXI,SOROCABA,354165 Quadra,0,0,0,0,0,0,0,0,0,0,0,0,0,0,0,0,0,0
11,Presidente Prudente,XXI,PRESIDENTE PRUDENTE,354170 Quatá,0,0,0,0,1,2,4,13,15,23,39,20,3,10,19,1,6,156
9,Marília,XIX,MARÍLIA,354180 Queiroz,1,0,0,0,0,0,1,1,0,0,0,2,4,0,0,3,2,14
17,Taubaté,XXXIII,TAUBATÉ,354190 Queluz,0,0,0,0,0,0,0,0,0,0,0,0,0,0,0,0,0,0
9,Marília,XIX,MARÍLIA,354200 Quintana,0,0,0,2,2,6,6,1,4,4,5,3,2,0,0,3,2,40
10,Piracicaba,XX,PIRACICABA,354210 Rafard,0,0,0,0,0,0,2,3,3,3,0,3,1,3,0,2,0,20
11,Presidente Prudente,XXI,PRESIDENTE PRUDENTE,354220 Rancharia,0,0,0,1,0,0,0,0,0,0,2,4,9,6,9,18,9,58
17,Taubaté,XXXIII,TAUBATÉ,354230 Redenção da Serra,0,0,0,0,0,0,0,0,0,0,0,0,0,0,0,0,0,0
11,Presidente Prudente,XXI,PRESIDENTE PRUDENTE,354240 Regente Feijó,0,0,0,0,0,0,1,0,0,1,0,5,1,2,3,6,5,24
6,Bauru,XV,BAURU,354250 Reginópolis,0,0,0,2,4,3,16,6,8,8,2,5,4,0,1,0,0,59
12,Registro,XXIII,REGISTRO,354260 Registro,0,0,0,0,0,0,0,0,1,0,3,1,0,0,5,3,1,14
8,Franca,XVIII,FRANCA,354270 Restinga,0,0,0,6,6,6,5,3,1,2,0,0,0,0,0,0,0,29
16,Sorocaba,XXXII,ITAPEVA,354280 Ribeira,0,0,0,0,0,0,0,0,0,0,0,0,0,0,0,0,0,0
3,Araraquara,XII,ARARAQUARA,354290 Ribeirão Bonito,0,0,0,1,1,2,1,0,4,3,7,9,8,8,5,8,0,57
16,Sorocaba,XXXII,ITAPEVA,354300 Ribeirão Branco,0,0,0,0,0,0,0,0,0,0,0,0,0,0,0,0,0,0
8,Franca,XVIII,FRANCA,354310 Ribeirão Corrente,0,1,10,1,16,0,0,0,0,0,0,0,0,0,0,0,0,28
9,Marília,XIII,ASSIS,354320 Ribeirão do Sul,0,0,0,0,0,0,1,0,2,0,1,2,4,1,1,2,1,15
11,Presidente Prudente,XXI,PRESIDENTE PRUDENTE,354323 Ribeirão dos Índios,0,0,0,0,0,0,0,0,0,0,0,0,0,0,0,0,0,0
16,Sorocaba,XXXI,SOROCABA,354325 Ribeirão Grande,0,0,0,0,0,0,0,0,0,0,0,0,0,0,0,0,0,0
1,São Paulo,VII,SANTO ANDRÉ,354330 Ribeirão Pires,0,0,0,0,0,0,0,0,0,0,0,0,2,0,0,0,0,2
13,Riberão Preto,XXIV,RIBEIRÃO PRETO,354340 Ribeirão Preto,17,26,44,70,106,143,111,158,215,219,194,204,248,302,318,332,375,3082
16,Sorocaba,XXXII,ITAPEVA,354350 Riversul,0,0,0,0,0,0,0,0,0,0,0,0,0,0,0,0,0,0
8,Franca,XVIII,FRANCA,354360 Rifaina,0,0,0,0,0,0,0,0,0,0,0,0,0,0,0,0,0,0
3,Araraquara,XII,ARARAQUARA,354370 Rincão,0,1,2,3,14,22,37,36,37,41,36,17,26,33,33,8,8,354
9,Marília,XIX,MARÍLIA,354380 Rinópolis,0,0,0,0,0,0,0,0,0,0,0,0,0,3,2,1,5,11
10,Piracicaba,XX,PIRACICABA,354390 Rio Claro,1,0,0,0,2,0,8,7,9,8,10,16,12,13,36,46,34,202
10,Piracicaba,XX,PIRACICABA,354400 Rio das Pedras,0,0,0,0,0,0,0,0,0,2,0,1,0,2,1,2,1,9
1,São Paulo,VII,SANTO ANDRÉ,354410 Rio Grande da Serra,0,0,0,0,0,0,0,0,0,0,0,0,0,1,0,0,0,1
15,São José do Rio Preto,XXIX,SÃO JOSÉ DO RIO PRETO,354420 Riolândia,0,3,0,2,4,1,3,3,7,2,2,19,27,37,44,37,39,230
11,Presidente Prudente,XXII,PRESIDENTE VENCESLAU,354425 Rosana,6,5,5,5,2,6,2,17,17,6,24,29,24,37,39,40,44,308
17,Taubaté,XXXIII,TAUBATÉ,354430 Roseira,0,0,0,0,0,0,0,0,0,0,0,0,0,0,0,0,0,0
2,Araçatuba,XI,ARAÇATUBA,354440 Rubiácea,0,0,0,0,0,0,0,0,0,0,1,3,4,1,9,8,4,30
15,São José do Rio Preto,XXX,JALES,354450 Rubinéia,0,0,3,2,3,2,3,1,2,4,2,1,0,0,1,4,0,28
6,Bauru,XV,BAURU,354460 Sabino,0,0,0,0,0,0,0,0,0,0,0,0,0,0,0,0,0,0
9,Marília,XIX,MARÍLIA,354470 Sagres,0,0,0,0,0,0,0,0,0,0,0,3,0,0,0,0,0,3
15,São José do Rio Preto,XXIX,SÃO JOSÉ DO RIO PRETO,354480 Sales,1,1,0,0,1,2,4,4,12,10,8,15,18,5,3,3,18,105
8,Franca,XVIII,FRANCA,354490 Sales Oliveira,0,0,0,0,10,8,2,5,1,1,0,0,0,0,0,0,0,27
1,São Paulo,VIII,MOGI DAS CRUZES,354500 Salesópolis,0,0,0,0,0,0,0,0,0,0,0,0,0,0,0,0,0,0
9,Marília,XIX,MARÍLIA,354510 Salmourão,0,0,0,0,0,0,0,0,0,0,0,0,0,0,0,0,0,0
10,Piracicaba,XX,PIRACICABA,354515 Saltinho,0,0,0,0,0,0,0,0,0,0,0,0,0,0,1,0,0,1
16,Sorocaba,XXXI,SOROCABA,354520 Salto,0,0,0,0,0,0,0,0,0,1,0,3,4,8,11,7,6,40
16,Sorocaba,XXXI,SOROCABA,354530 Salto de Pirapora,0,0,0,0,0,0,0,0,0,0,0,0,0,0,0,0,0,0
9,Marília,XIII,ASSIS,354540 Salto Grande,0,1,0,0,0,0,1,1,2,3,14,7,1,0,1,1,4,36
11,Presidente Prudente,XXI,PRESIDENTE PRUDENTE,354550 Sandovalina,0,0,0,0,0,1,2,1,2,2,2,2,4,3,4,1,1,25
15,São José do Rio Preto,XXIX,SÃO JOSÉ DO RIO PRETO,354560 Santa Adélia,0,0,0,0,0,0,2,0,1,1,4,3,1,3,0,0,0,15
15,São José do Rio Preto,XXX,JALES,354570 Santa Albertina,0,0,0,0,0,0,0,0,0,0,1,2,2,0,7,0,0,12
7,Campinas,XVII,CAMPINAS,354580 Santa Bárbara d'Oeste,2,0,0,3,4,7,8,5,15,27,63,91,164,207,198,49,2,845
17,Taubaté,XXVII,SÃO JOSÉ DOS CAMPOS,354600 Santa Branca,0,0,0,0,0,0,0,0,0,0,0,0,0,1,0,0,2,3
15,São José do Rio Preto,XXX,JALES,354610 Santa Clara d'Oeste,0,0,0,0,0,0,0,0,0,0,0,1,0,0,0,0,0,1
10,Piracicaba,XX,PIRACICABA,354620 Santa Cruz da Conceição,0,0,0,0,0,0,1,1,0,1,0,1,1,0,0,0,0,5
13,Riberão Preto,XXIV,RIBEIRÃO PRETO,354625 Santa Cruz da Esperança,0,0,0,0,0,0,0,0,0,0,0,1,3,4,2,1,0,11
14,São João da Boa Vista,XXVI,SÃO JOÃO DA BOA VISTA,354630 Santa Cruz das Palmeiras,0,1,1,0,0,0,0,0,0,1,0,0,1,0,4,6,4,18
9,Marília,XIII,ASSIS,354640 Santa Cruz do Rio Pardo,0,0,0,0,0,0,3,7,9,11,17,28,13,3,7,31,31,160
3,Araraquara,XII,ARARAQUARA,354650 Santa Ernestina,0,1,0,0,0,1,0,1,0,1,0,1,2,3,10,9,11,40
15,São José do Rio Preto,XXX,JALES,354660 Santa Fé do Sul,0,0,7,12,19,37,30,46,33,45,83,87,95,88,41,2,0,625
10,Piracicaba,XX,PIRACICABA,354670 Santa Gertrudes,0,0,0,0,0,0,0,0,0,0,0,0,1,2,1,0,0,4
1,São Paulo,VIII,MOGI DAS CRUZES,354680 Santa Isabel,0,0,0,0,0,0,0,0,0,1,0,0,0,0,0,0,0,1
3,Araraquara,XII,ARARAQUARA,354690 Santa Lúcia,0,0,1,2,2,9,2,4,0,10,11,11,5,12,14,11,4,98
10,Piracicaba,XX,PIRACICABA,354700 Santa Maria da Serra,0,0,0,0,1,0,4,0,1,1,3,7,6,2,8,4,0,37
11,Presidente Prudente,XXII,PRESIDENTE VENCESLAU,354710 Santa Mercedes,0,0,0,1,1,3,2,1,1,0,0,1,0,0,0,1,2,13
15,São José do Rio Preto,XXX,JALES,354720 Santana da Ponte Pensa,1,2,2,3,0,0,0,1,1,0,0,0,0,0,0,0,0,10
1,São Paulo,X,OSASCO,354730 Santana de Parnaíba,0,0,0,0,0,0,0,1,0,1,2,1,1,1,2,1,4,14
15,São José do Rio Preto,XXX,JALES,354740 Santa Rita d'Oeste,0,0,0,0,0,0,0,0,0,0,0,0,2,0,1,0,0,3
13,Riberão Preto,XXIV,RIBEIRÃO PRETO,354750 Santa Rita do Passa Quatro,0,0,0,0,0,0,0,0,0,2,1,0,2,1,0,0,0,6
13,Riberão Preto,XXIV,RIBEIRÃO PRETO,354760 Santa Rosa de Viterbo,0,0,0,0,0,0,1,0,1,0,0,0,0,0,0,0,0,2
15,São José do Rio Preto,XXX,JALES,354765 Santa Salete,0,0,0,0,0,0,1,1,0,0,0,1,3,0,0,1,2,9
11,Presidente Prudente,XXI,PRESIDENTE PRUDENTE,354770 Santo Anastácio,0,0,0,0,1,3,7,3,5,0,2,2,1,5,5,0,1,35
1,São Paulo,VII,SANTO ANDRÉ,354780 Santo André,0,0,0,0,2,2,1,0,5,1,4,9,5,6,4,6,1,46
13,Riberão Preto,XXIV,RIBEIRÃO PRETO,354790 Santo Antônio da Alegria,0,0,0,0,0,0,0,0,0,0,0,0,0,0,0,0,0,0
7,Campinas,XVII,CAMPINAS,354800 Santo Antônio de Posse,0,0,0,1,0,0,0,1,1,3,1,2,0,0,0,0,0,9
2,Araçatuba,XI,ARAÇATUBA,354805 Santo Antônio do Aracanguá,0,2,1,4,3,3,3,3,1,3,4,5,9,2,0,0,0,43
14,São João da Boa Vista,XXVI,SÃO JOÃO DA BOA VISTA,354810 Santo Antônio do Jardim,0,0,0,0,0,0,0,0,0,0,0,0,0,0,0,0,0,0
17,Taubaté,XXXIII,TAUBATÉ,354820 Santo Antônio do Pinhal,0,0,0,0,0,0,0,0,0,0,0,0,0,0,0,0,0,0
11,Presidente Prudente,XXI,PRESIDENTE PRUDENTE,354830 Santo Expedito,0,0,0,0,0,0,0,0,1,1,0,4,2,0,1,1,1,11
2,Araçatuba,XI,ARAÇATUBA,354840 Santópolis do Aguapeí,0,0,0,0,0,0,2,0,2,2,1,3,3,0,1,0,0,14
4,Baixada Santista,XXV,SANTOS,354850 Santos,0,0,1,1,0,2,6,6,6,6,1,0,3,1,3,3,4,43
17,Taubaté,XXXIII,TAUBATÉ,354860 São Bento do Sapucaí,0,0,0,0,0,0,0,0,0,0,0,0,0,0,0,0,0,0
1,São Paulo,VII,SANTO ANDRÉ,354870 São Bernardo do Campo,0,0,0,0,0,1,1,7,4,9,6,7,10,4,3,1,1,54
1,São Paulo,VII,SANTO ANDRÉ,354880 São Caetano do Sul,0,0,0,0,0,0,0,0,0,0,0,1,0,2,2,0,0,5
3,Araraquara,XII,ARARAQUARA,354890 São Carlos,1,1,12,21,28,44,32,52,42,21,28,20,11,17,36,9,1,376
15,São José do Rio Preto,XXX,JALES,354900 São Francisco,0,0,0,0,0,0,0,0,0,0,0,0,0,0,0,0,0,0
14,São João da Boa Vista,XXVI,SÃO JOÃO DA BOA VISTA,354910 São João da Boa Vista,0,1,1,0,0,2,1,1,1,1,3,2,5,3,7,11,8,47
15,São José do Rio Preto,XXX,JALES,354920 São João das Duas Pontes,0,0,0,2,2,6,6,2,3,2,2,7,0,2,0,0,0,34
15,São José do Rio Preto,XXX,JALES,354925 São João de Iracema,0,0,0,0,0,0,0,0,1,0,0,0,1,0,0,0,0,2
11,Presidente Prudente,XXII,PRESIDENTE VENCESLAU,354930 São João do Pau d'Alho,0,2,7,1,0,0,0,0,0,0,0,0,0,0,0,0,0,10
8,Franca,XVIII,FRANCA,354940 São Joaquim da Barra,283,291,422,624,786,606,462,315,182,148,118,110,79,48,24,0,1,4499
8,Franca,XVIII,FRANCA,354950 São José da Bela Vista,3,3,10,20,13,21,14,9,8,8,0,0,0,0,0,0,0,109
17,Taubaté,XXXIII,TAUBATÉ,354960 São José do Barreiro,0,0,0,0,0,0,0,0,0,0,0,0,0,0,0,0,0,0
14,São João da Boa Vista,XXVI,SÃO JOÃO DA BOA VISTA,354970 São José do Rio Pardo,0,0,1,0,0,0,0,1,2,1,1,2,3,9,9,6,2,37
15,São José do Rio Preto,XXIX,SÃO JOSÉ DO RIO PRETO,354980 São José do Rio Preto,185,255,396,551,794,957,956,1222,1050,1101,1093,1278,1190,1279,440,379,230,13356
17,Taubaté,XXVII,SÃO JOSÉ DOS CAMPOS,354990 São José dos Campos,6,2,6,6,4,10,7,9,8,7,18,14,12,10,13,27,17,176
1,São Paulo,X,OSASCO,354995 São Lourenço da Serra,0,0,0,0,0,0,0,0,0,0,0,0,0,0,0,0,0,0
17,Taubaté,XXXIII,TAUBATÉ,355000 São Luís do Paraitinga,0,0,0,0,0,0,0,0,0,0,0,0,0,1,0,0,0,1
6,Bauru,XVI,BOTUCATU,355010 São Manuel,0,0,0,0,0,0,1,0,1,4,3,3,2,2,3,0,1,20
16,Sorocaba,XXXI,SOROCABA,355020 São Miguel Arcanjo,0,0,0,0,0,0,0,0,0,0,0,0,0,0,0,0,0,0
1,São Paulo,I,CAPITAL,355030 São Paulo,25,25,47,57,76,99,127,179,221,304,427,534,615,791,970,947,1089,6533
10,Piracicaba,XX,PIRACICABA,355040 São Pedro,0,0,0,0,0,0,0,0,0,0,0,0,5,6,11,14,12,48
9,Marília,XIII,ASSIS,355050 São Pedro do Turvo,0,0,0,0,0,0,0,0,0,0,0,1,0,0,0,0,1,2
16,Sorocaba,XXXI,SOROCABA,355060 São Roque,1,0,0,0,0,0,0,0,0,0,0,0,0,0,0,0,0,1
17,Taubaté,XXVIII,CARAGUATATUBA,355070 São Sebastião,0,0,1,0,6,10,7,21,12,6,17,15,26,28,39,46,34,268
14,São João da Boa Vista,XXVI,SÃO JOÃO DA BOA VISTA,355080 São Sebastião da Grama,0,0,0,0,0,0,0,0,0,0,0,0,0,0,0,0,0,0
13,Riberão Preto,XXIV,RIBEIRÃO PRETO,355090 São Simão,0,0,0,0,0,0,1,0,4,0,3,5,1,3,0,2,1,20
4,Baixada Santista,XXV,SANTOS,355100 São Vicente,0,0,0,0,0,0,0,0,0,0,1,2,1,1,2,0,1,8
16,Sorocaba,XXXI,SOROCABA,355110 Sarapuí,0,0,0,0,0,0,0,0,0,0,0,0,0,0,0,0,0,0
6,Bauru,XVI,BOTUCATU,355120 Sarutaiá,0,0,0,0,0,0,0,0,0,0,0,0,0,0,0,0,0,0
15,São José do Rio Preto,XXIX,SÃO JOSÉ DO RIO PRETO,355130 Sebastianópolis do Sul,0,0,5,3,1,3,1,0,0,0,1,0,0,0,0,0,0,14
13,Riberão Preto,XXIV,RIBEIRÃO PRETO,355140 Serra Azul,0,0,0,0,0,2,2,0,0,1,1,5,32,42,53,40,4,182
13,Riberão Preto,XXIV,RIBEIRÃO PRETO,355150 Serrana,0,0,0,0,0,1,1,5,12,15,51,71,61,13,9,11,12,262
7,Campinas,XVII,CAMPINAS,355160 Serra Negra,0,0,0,0,0,0,0,0,0,0,0,0,0,0,0,0,0,0
13,Riberão Preto,XXIV,RIBEIRÃO PRETO,355170 Sertãozinho,0,2,0,0,3,5,4,5,4,6,3,9,5,2,6,2,1,57
12,Registro,XXIII,REGISTRO,355180 Sete Barras,0,0,0,0,0,0,0,0,0,0,0,0,0,0,0,0,0,0
5,Barretos,XIV,BARRETOS,355190 Severínia,0,0,0,1,0,1,3,1,1,2,2,5,3,10,5,3,2,39
17,Taubaté,XXXIII,TAUBATÉ,355200 Silveiras,0,0,0,0,0,0,0,0,0,0,0,0,0,0,0,0,0,0
7,Campinas,XVII,CAMPINAS,355210 Socorro,0,0,0,0,0,1,2,0,0,0,1,3,1,0,0,0,0,8
16,Sorocaba,XXXI,SOROCABA,355220 Sorocaba,2,0,3,1,8,9,5,5,17,13,17,59,65,59,54,55,75,447
2,Araçatuba,XI,ARAÇATUBA,355230 Sud Mennucci,0,3,1,9,9,32,50,18,35,32,16,26,30,32,19,6,0,318
7,Campinas,XVII,CAMPINAS,355240 Sumaré,0,0,1,1,5,4,5,17,21,32,51,65,82,117,149,68,49,667
1,São Paulo,VIII,MOGI DAS CRUZES,355250 Suzano,0,0,0,0,1,1,0,1,3,3,7,3,12,18,20,24,31,124
2,Araçatuba,XI,ARAÇATUBA,355255 Suzanápolis,7,15,22,35,21,38,15,14,9,4,13,11,14,25,15,6,3,267
15,São José do Rio Preto,XXIX,SÃO JOSÉ DO RIO PRETO,355260 Tabapuã,0,0,0,0,2,1,3,8,9,8,17,25,33,31,48,55,31,271
3,Araraquara,XII,ARARAQUARA,355270 Tabatinga,0,0,0,0,4,30,26,33,17,11,4,8,2,4,0,2,5,146
1,São Paulo,X,OSASCO,355280 Taboão da Serra,1,0,0,0,0,1,0,1,1,0,1,1,1,2,0,4,4,17
11,Presidente Prudente,XXI,PRESIDENTE PRUDENTE,355290 Taciba,0,0,0,0,0,0,0,0,0,0,0,0,0,0,0,0,0,0
6,Bauru,XVI,BOTUCATU,355300 Taguaí,0,0,0,0,0,0,0,0,0,0,0,0,0,0,0,0,0,0
5,Barretos,XIV,BARRETOS,355310 Taiaçu,0,0,1,0,0,1,4,3,0,1,1,4,2,5,0,0,0,22
5,Barretos,XIV,BARRETOS,355320 Taiúva,0,0,0,0,0,0,2,7,4,1,1,7,11,10,0,1,0,44
14,São João da Boa Vista,XXVI,SÃO JOÃO DA BOA VISTA,355330 Tambaú,0,0,0,0,0,1,0,0,0,0,0,1,0,0,0,0,0,2
15,São José do Rio Preto,XXIX,SÃO JOSÉ DO RIO PRETO,355340 Tanabi,0,0,3,0,7,9,5,12,16,8,27,20,5,5,35,42,51,245
16,Sorocaba,XXXI,SOROCABA,355350 Tapiraí,0,0,0,0,0,0,0,0,0,0,0,0,0,0,0,0,0,0
14,São João da Boa Vista,XXVI,SÃO JOÃO DA BOA VISTA,355360 Tapiratiba,0,0,0,0,0,0,0,0,0,0,0,0,0,0,1,0,0,1
5,Barretos,XIV,BARRETOS,355365 Taquaral,0,0,0,0,0,0,0,0,0,0,0,0,0,0,1,0,0,1
3,Araraquara,XII,ARARAQUARA,355370 Taquaritinga,1,0,7,10,14,22,24,34,50,63,72,121,156,289,315,164,23,1365
6,Bauru,XVI,BOTUCATU,355380 Taquarituba,0,0,0,0,0,0,0,0,0,0,0,0,2,0,0,0,2,4
16,Sorocaba,XXXII,ITAPEVA,355385 Taquarivaí,0,0,0,0,0,0,0,0,0,0,0,0,0,0,0,0,0,0
11,Presidente Prudente,XXI,PRESIDENTE PRUDENTE,355390 Tarabaí,0,0,0,0,0,0,0,0,0,0,0,0,0,0,0,0,0,0
9,Marília,XIII,ASSIS,355395 Tarumã,0,0,0,0,0,0,0,1,0,0,1,3,4,10,33,18,9,79
16,Sorocaba,XXXI,SOROCABA,355400 Tatuí,0,0,0,1,0,0,0,2,1,0,1,2,0,0,1,2,2,12
17,Taubaté,XXXIII,TAUBATÉ,355410 Taubaté,0,0,1,1,0,2,3,1,1,1,3,2,4,1,3,4,3,30
6,Bauru,XVI,BOTUCATU,355420 Tejupá,0,0,0,0,0,0,0,0,0,0,0,0,0,0,0,0,0,0
11,Presidente Prudente,XXII,PRESIDENTE VENCESLAU,355430 Teodoro Sampaio,1,0,0,0,0,0,0,0,2,6,6,1,1,1,9,5,13,45
5,Barretos,XIV,BARRETOS,355440 Terra Roxa,7,3,5,13,15,24,35,13,9,19,7,1,2,1,0,1,2,157
16,Sorocaba,XXXI,SOROCABA,355450 Tietê,0,0,0,0,0,0,0,0,0,0,0,0,0,0,0,0,0,0
9,Marília,XIII,ASSIS,355460 Timburi,0,0,0,0,0,0,0,0,0,0,0,0,0,0,0,0,0,0
6,Bauru,XVI,BOTUCATU,355465 Torre de Pedra,0,0,0,0,0,0,0,0,0,0,0,0,0,0,0,0,0,0
6,Bauru,XV,BAURU,355470 Torrinha,0,0,0,0,0,0,0,0,0,1,0,0,1,1,2,0,0,5
3,Araraquara,XII,ARARAQUARA,355475 Trabiju,0,0,0,0,1,1,2,1,3,3,3,6,3,3,0,5,0,31
17,Taubaté,XXXIII,TAUBATÉ,355480 Tremembé,0,0,0,0,0,0,0,0,0,0,0,2,0,0,0,0,0,2
15,São José do Rio Preto,XXX,JALES,355490 Três Fronteiras,0,0,0,0,0,0,1,0,1,0,0,0,0,0,0,0,0,2
7,Campinas,XVII,CAMPINAS,355495 Tuiuti,0,0,0,0,0,0,0,0,0,0,0,0,0,0,0,0,0,0
9,Marília,XIX,MARÍLIA,355500 Tupã,0,0,5,11,9,19,11,23,32,36,83,152,203,253,369,92,17,1315
11,Presidente Prudente,XXII,PRESIDENTE VENCESLAU,355510 Tupi Paulista,6,5,11,14,14,17,17,18,13,17,23,13,5,12,14,14,6,219
2,Araçatuba,XI,ARAÇATUBA,355520 Turiúba,0,0,0,0,0,1,1,0,0,0,0,4,3,7,5,15,8,44
15,São José do Rio Preto,XXX,JALES,355530 Turmalina,0,0,0,0,0,0,0,0,0,0,1,0,3,4,0,0,0,8
15,São José do Rio Preto,XXIX,SÃO JOSÉ DO RIO PRETO,355535 Ubarana,0,3,1,12,11,22,30,27,27,23,17,21,25,22,23,39,11,314
17,Taubaté,XXVIII,CARAGUATATUBA,355540 Ubatuba,0,0,0,1,0,2,6,12,7,9,18,18,19,34,61,46,22,255
9,Marília,XIX,MARÍLIA,355550 Ubirajara,0,0,0,0,0,0,0,0,0,0,1,1,0,0,1,0,0,3
15,São José do Rio Preto,XXIX,SÃO JOSÉ DO RIO PRETO,355560 Uchoa,25,23,27,33,33,50,56,49,26,8,15,7,10,18,8,2,1,391
15,São José do Rio Preto,XXIX,SÃO JOSÉ DO RIO PRETO,355570 União Paulista,2,4,22,10,17,18,6,4,5,6,3,4,3,1,0,3,1,109
15,São José do Rio Preto,XXX,JALES,355580 Urânia,1,1,0,1,0,2,1,4,2,5,8,4,2,1,2,5,9,48
6,Bauru,XV,BAURU,355590 Uru,0,0,0,0,0,0,0,0,0,1,0,1,3,0,0,0,0,5
15,São José do Rio Preto,XXIX,SÃO JOSÉ DO RIO PRETO,355600 Urupês,0,0,0,0,0,0,0,0,0,0,1,3,4,3,0,1,1,13
15,São José do Rio Preto,XXIX,SÃO JOSÉ DO RIO PRETO,355610 Valentim Gentil,1,1,1,7,4,5,4,1,4,5,13,15,17,11,1,1,13,104
7,Campinas,XVII,CAMPINAS,355620 Valinhos,1,0,0,2,0,1,0,2,2,4,3,1,3,3,10,5,2,39
2,Araçatuba,XI,ARAÇATUBA,355630 Valparaíso,0,0,0,0,0,3,1,0,2,6,1,3,2,7,3,2,1,31
7,Campinas,XVII,CAMPINAS,355635 Vargem,0,0,0,0,0,0,0,0,0,0,0,0,0,0,0,0,0,0
14,São João da Boa Vista,XXVI,SÃO JOÃO DA BOA VISTA,355640 Vargem Grande do Sul,0,0,0,0,0,1,4,10,11,5,12,7,19,20,34,34,46,203
1,São Paulo,X,OSASCO,355645 Vargem Grande Paulista,0,0,0,0,0,0,0,0,0,0,0,0,0,0,0,1,0,1
7,Campinas,XVII,CAMPINAS,355650 Várzea Paulista,0,0,0,0,0,0,1,0,3,3,10,19,23,13,22,25,24,143
9,Marília,XIX,MARÍLIA,355660 Vera Cruz,0,0,1,0,0,0,0,0,0,0,1,0,2,2,0,0,1,7
7,Campinas,XVII,CAMPINAS,355670 Vinhedo,0,0,0,0,0,0,1,1,3,0,2,3,1,4,9,2,7,33
5,Barretos,XIV,BARRETOS,355680 Viradouro,0,0,0,0,0,1,1,1,0,0,0,4,4,3,4,5,5,28
5,Barretos,XIV,BARRETOS,355690 Vista Alegre do Alto,0,0,0,0,0,0,0,0,0,0,0,1,0,0,0,0,0,1
15,São José do Rio Preto,XXX,JALES,355695 Vitória Brasil,0,0,0,0,0,0,0,0,0,0,0,0,0,0,0,0,0,0
16,Sorocaba,XXXI,SOROCABA,355700 Votorantim,0,0,1,0,0,2,1,1,4,4,12,9,17,17,13,11,11,103
15,São José do Rio Preto,XXIX,SÃO JOSÉ DO RIO PRETO,355710 Votuporanga,4,4,6,10,15,37,24,36,56,35,52,90,93,119,118,211,213,1123
15,São José do Rio Preto,XXIX,SÃO JOSÉ DO RIO PRETO,355715 Zacarias,0,0,0,0,0,0,1,3,2,1,1,1,0,0,0,0,0,9
9,Marília,XIII,ASSIS,355720 Chavantes,0,0,0,0,0,0,0,0,0,1,2,7,1,0,2,12,7,32
14,São João da Boa Vista,XXVI,SÃO JOÃO DA BOA VISTA,355730 Estiva Gerbi,0,0,0,0,0,1,4,3,5,7,5,7,8,5,8,5,1,59
